
> open http://127.0.0.1:5174/home?lang=en
✓ TRASSIR Learn · learning concept
  http://127.0.0.1:5174/home?lang=en
[agent-browser] launched browser

> set viewport 1440 1000
✓ Done

> eval (async()=>{const f=await import('/src/data/format.ts');const t=await import('/src/data/trajectories.ts');const {tr}=await import('/src/i18n/index.ts');return {day:f.formatDayYear('2026-09-07T12:00:00Z'),duration:t.humanDuration(131),timer:f.formatTimer(65000),plurals:[0,1,2,5,11,21].map(n=>[n,t.plural(n,tr('единица'),tr('единицы'),tr('единиц'))])}})()
{
  "day": "7 September 2026",
  "duration": "2 h 11 min",
  "plurals": [
    [
      0,
      "units"
    ],
    [
      1,
      "unit"
    ],
    [
      2,
      "units"
    ],
    [
      5,
      "units"
    ],
    [
      11,
      "units"
    ],
    [
      21,
      "units"
    ]
  ],
  "timer": "01:05"
}

> eval sessionStorage.clear();sessionStorage.setItem('learn-prototype-v1',"{\"attemptStarts\":{},\"session\":{\"level\":\"authorized\",\"identifier\":\"marina.final@example.test\",\"name\":null,\"initials\":\"MA\",\"company\":null},\"verification\":null,\"history\":[{\"materialId\":\"server-choice\",\"openedAt\":\"2026-09-07T18:07:54.787Z\"}],\"progress\":{\"proekt\":{\"trajectoryId\":\"proekt\",\"doneUnitIds\":[\"proekt#0\"],\"cursor\":1,\"startedAt\":\"2026-09-07T18:07:54.081Z\",\"lastActivityAt\":\"2026-09-07T18:07:54.787Z\"}},\"attempts\":{},\"certificates\":[],\"activeExam\":null,\"toasts\":[],\"storageError\":false}");true
true

> open http://127.0.0.1:5174/my?lang=en
✓ TRASSIR Learn · learning concept
  http://127.0.0.1:5174/my?lang=en

> eval ({url:location.href,lang:document.documentElement.lang,text:document.body.innerText,width:innerWidth,scroll:document.documentElement.scrollWidth,mode:document.querySelector('[data-content-mode]')?.getAttribute('data-content-mode')})
{
  "lang": "en",
  "mode": "Project",
  "scroll": 1440,
  "text": "MA\nYour workspace\nMy learning\nReading history · 1\nContinue learning path\nChoosing a server for 64+ cameras\n\nDesigning a system for 64+ cameras\n\n8 units remaining · view curriculum\nContinue\nResources read · reading\n1\nresource read\nNeuroStation\n1 →\nEligibility · path completion\n1 of 9\nunits completed\nDesigning a system for 64+ cameras\n\nSee remaining units and their status in the curriculum.\n\nReading adds to resources read. Eligibility counts completed path units. These are two separate measures.\n\nPaths in progress · 1\nDesigning a system for 64+ cameras\n1 of 9 units completed\nContinue from the section above\nRecently opened\nFind\nChoosing a server for 64+ cameras\nNeuroStation\nOpened 7 September\nFull history · 1\nAssessment results · 0\n\nYour result will appear after you submit the attempt.\n\nCompany\nNot verified\nView company status\n\nVerification is required for full partner resources and assessments. Verification is simulated in this concept.\n\nDocuments · 0\n\nYour document will appear after you pass the assessment. Choose a learning path\n\nA named completion document with the employee's company. An outcome of this independent concept with no official validity.\n\nQualification: 0 of 7 paths\n\nHistory, progress and documents are kept in this tab, including after signing out and back in. Data does not sync across devices.\n\nSign out\nABOUT THE PLATFORM\nHow learning works\nPartner certification\nContact\nTRASSIR PRODUCTS\nTRASSIR OS\nDuoStation\nCamera range\nVideo analytics\nSUPPORT\nKnowledge base\nContact support\nService status\nDSSL · TRASSIR Learn — learning platform for partners",
  "url": "http://127.0.0.1:5174/my?lang=en",
  "width": 1440
}

> errors

> eval sessionStorage.clear();sessionStorage.setItem('learn-prototype-v1',"{\"attemptStarts\":{\"proekt\":[\"094a36c4-e362-4c55-8ec6-1d388328e033\"]},\"session\":{\"level\":\"partner\",\"identifier\":\"marina.final@example.test\",\"name\":null,\"initials\":\"MA\",\"company\":\"ООО Учебный пример\"},\"verification\":{\"company\":\"ООО Учебный пример\",\"inn\":\"7812345678\",\"role\":\"\",\"submittedAt\":\"2026-09-07T18:09:10.981Z\",\"status\":\"verified\"},\"history\":[{\"materialId\":\"tender-spec\",\"openedAt\":\"2026-09-07T18:09:43.009Z\"},{\"materialId\":\"license-scheme\",\"openedAt\":\"2026-09-07T18:09:42.654Z\"},{\"materialId\":\"archive-depth\",\"openedAt\":\"2026-09-07T18:08:41.061Z\"},{\"materialId\":\"bandwidth-check\",\"openedAt\":\"2026-09-07T18:08:12.313Z\"},{\"materialId\":\"disk-layout\",\"openedAt\":\"2026-09-07T18:08:11.791Z\"},{\"materialId\":\"disk-capacity\",\"openedAt\":\"2026-09-07T18:08:11.545Z\"},{\"materialId\":\"server-choice\",\"openedAt\":\"2026-09-07T18:07:54.787Z\"},{\"materialId\":\"camera-count\",\"openedAt\":\"2026-09-07T18:07:54.353Z\"}],\"progress\":{\"proekt\":{\"trajectoryId\":\"proekt\",\"doneUnitIds\":[\"proekt#0\",\"proekt#1\",\"proekt#2\",\"proekt#3\",\"proekt#4\",\"proekt#5\",\"proekt#6\",\"proekt#7\"],\"cursor\":7,\"startedAt\":\"2026-09-07T18:07:54.081Z\",\"lastActivityAt\":\"2026-09-07T18:09:43.229Z\"}},\"attempts\":{\"proekt\":[{\"id\":\"094a36c4-e362-4c55-8ec6-1d388328e033\",\"ownerId\":\"marina.final@example.test\",\"ordinal\":1,\"trajectoryId\":\"proekt\",\"startedAt\":\"2026-09-07T18:21:43.383Z\",\"finishedAt\":\"2026-09-07T18:21:43.588Z\",\"rules\":{\"questions\":20,\"threshold\":16,\"attempts\":2,\"minutes\":30,\"cooldownHours\":24},\"questions\":[{\"id\":\"q-archive-1\",\"text\":\"DuoStation пишет архив 30 суток при 16 камерах. Заказчик добавляет ещё 8 камер того же потока. Что произойдёт с глубиной архива, если объём диска не менять?\",\"options\":[\"Глубина уменьшится примерно до 20 суток\",\"Глубина не изменится — TRASSIR перераспределит битрейт\",\"Запись новых камер не начнётся, пока не увеличить диск\",\"Глубина уменьшится примерно до 10 суток\"],\"correct\":0,\"whyWrong\":\"Битрейт потока задаётся камерой и профилем записи; TRASSIR его не перераспределяет. Добавление камер увеличивает суммарный поток на диск\",\"whyRight\":\"24 камеры вместо 16 — это в полтора раза больший поток. При том же объёме диска глубина падает примерно до 20 суток\",\"sourceMaterialId\":\"archive-depth\"},{\"id\":\"q-disk-1\",\"text\":\"Все 32 камеры пишут на один общий том. Камера с битрейтом 8 Мбит/с даёт паспортную глубину, у остальных глубина вдвое ниже расчётной. Почему?\",\"options\":[\"На общем томе камера с высоким битрейтом вытесняет соседей\",\"TRASSIR не поддерживает разные битрейты на одном томе\",\"Том отформатирован в неподходящей файловой системе\",\"Не включено автозатирание\"],\"correct\":0,\"whyWrong\":\"Файловая система и автозатирание влияют на поведение при переполнении, но не на то, чья запись останется\",\"whyRight\":\"Общий том делится по факту записи, а не по расчёту. Разведение камер по томам группами — единственный способ удержать глубину\",\"sourceMaterialId\":\"disk-layout\"},{\"id\":\"q-archive-2\",\"text\":\"Через сутки после настройки самая старая запись оказалась новее расчётной даты. В чём причина?\",\"options\":[\"Диск неисправен\",\"Камеры отдают больший битрейт, чем заложено в расчёт\",\"Не включено автозатирание\",\"Глубина задана в процентах диска\"],\"correct\":1,\"whyWrong\":\"Неисправный диск дал бы отказ записи, а не более короткую глубину; без автозатирания запись просто остановилась бы\",\"whyRight\":\"Расчёт делали по паспортному битрейту, а камеры отдают фактический. Пересчитывать надо по фактическому потоку\",\"sourceMaterialId\":\"archive-depth\"},{\"id\":\"q-count-1\",\"text\":\"Заказчик хочет различать лица на входе. От какой плотности пикселей на метр это возможно?\",\"options\":[\"От 25\",\"От 125\",\"От 250\",\"Плотность на это не влияет\"],\"correct\":2,\"whyWrong\":\"25 пикселей на метр дают только факт события, 125 — распознавание человека как фигуры\",\"whyRight\":\"Идентификация лица начинается от 250 пикселей на метр. Ниже — только распознавание\",\"sourceMaterialId\":\"camera-count\"},{\"id\":\"q-server-1\",\"text\":\"Во что упирается сервер раньше, чем в число камер?\",\"options\":[\"В суммарный битрейт записи и число одновременных декодирований\",\"В число портов коммутатора\",\"В версию TRASSIR OS\",\"В длину кабельных трасс\"],\"correct\":0,\"whyWrong\":\"Порты и трассы — это сеть объекта; версия системы задаёт функции, а не потолок нагрузки\",\"whyRight\":\"32 камеры с четырьмя рабочими местами нагружают сервер сильнее, чем 64 с одним: считается поток, а не количество\",\"sourceMaterialId\":\"server-choice\"},{\"id\":\"q-capacity-1\",\"text\":\"Как надёжнее всего защитить объём дисков перед заказчиком?\",\"options\":[\"Показать итоговую цифру со ссылкой на опыт\",\"Принести расчёт с исходными данными\",\"Заложить двойной запас\",\"Сослаться на паспорт оборудования\"],\"correct\":1,\"whyWrong\":\"Заказчик оспаривает не объём, а непрозрачность: итог без исходных данных выглядит как запас «на всякий случай»\",\"whyRight\":\"Строка «64 камеры × 4 Мбит/с × 30 суток» снимает спор за минуту — потому что её можно проверить\",\"sourceMaterialId\":\"disk-capacity\"},{\"id\":\"q-bandwidth-1\",\"text\":\"Что из перечисленного нагружает канал наружу с объекта?\",\"options\":[\"Запись архива\",\"Удалённый просмотр\",\"Работа детекторов\",\"Резервирование на второй том\"],\"correct\":1,\"whyWrong\":\"Запись, детекторы и резервирование живут внутри объекта и канал наружу не трогают\",\"whyRight\":\"Наружу уходит только удалённый просмотр — и упирается в канал он ровно тогда, когда заказчик открывает несколько камер сразу\",\"sourceMaterialId\":\"bandwidth-check\"},{\"id\":\"q-license-1\",\"text\":\"Смета, где аналитика посчитана «в составе канала», расходится с прайсом. Почему?\",\"options\":[\"Каналы и модули лицензируются независимо\",\"Аналитика лицензируется по числу серверов\",\"Аналитика входит в лицензию только с версии 4.3\",\"Прайс обновляется чаще сметы\"],\"correct\":0,\"whyWrong\":\"Версия и частота обновления прайса объясняют разовое расхождение, но не системное\",\"whyRight\":\"Это две независимые оси лицензирования. Смета, считающая их одной, расходится на каждом согласовании\",\"sourceMaterialId\":\"license-scheme\"},{\"id\":\"q-tender-1\",\"text\":\"Как описать камеру в тендерной спецификации, чтобы её не заменили дешёвым эквивалентом?\",\"options\":[\"Указать конкретную модель и вендора\",\"Описать требования: профиль, битрейт, частоту, температурный диапазон\",\"Указать диапазон цены\",\"Сослаться на проект\"],\"correct\":1,\"whyWrong\":\"Строка с моделью заменяется «эквивалентом» на торгах — это стандартная процедура, а не злой умысел\",\"whyRight\":\"Эквивалента с такими параметрами в дешёвом сегменте нет: требования заменить нечем, в отличие от названия модели\",\"sourceMaterialId\":\"tender-spec\"},{\"id\":\"q-onvif-1\",\"text\":\"Камера подключена, TRASSIR видит её по ONVIF, но поток не открывается. Какая проверка исключает причину на стороне сети быстрее всего?\",\"options\":[\"Перезагрузить сервер TRASSIR и повторить поиск устройств\",\"Открыть RTSP-строку камеры сторонним плеером с той же машины\",\"Сменить профиль потока на Profile T и добавить камеру заново\",\"Проверить свободное место на дисках архива\"],\"correct\":1,\"whyWrong\":\"Перезагрузка и смена профиля меняют состояние системы, но ничего не проверяют: после них вы всё ещё не знаете, доходит ли поток до машины\",\"whyRight\":\"Сторонний плеер с той же машины отделяет сеть от TRASSIR за одну операцию: если поток открылся, сеть ни при чём\",\"sourceMaterialId\":\"onvif-not-found\"},{\"id\":\"q-onvif-2\",\"text\":\"Камера заявлена производителем как ONVIF-совместимая, но TRASSIR её не добавляет. В паспорте указан только Profile G. В чём причина?\",\"options\":[\"Profile G не даёт живое видео — нужен Profile S\",\"Profile G требует лицензии TRASSIR на аналитику\",\"Profile G работает только с версии TRASSIR OS 4.3\",\"Profile G несовместим с PoE-питанием\"],\"correct\":0,\"whyWrong\":\"Ни лицензия, ни версия, ни питание к профилю ONVIF отношения не имеют — профиль описывает набор функций, которые камера отдаёт наружу\",\"whyRight\":\"Profile G — это работа с архивом НА камере. Живое видео несёт Profile S, и без него добавить камеру нечем\",\"sourceMaterialId\":\"onvif-profiles\"},{\"id\":\"q-power-1\",\"text\":\"Порт коммутатора показывает линк, но нулевое потребление в PoE-бюджете. Что это значит?\",\"options\":[\"Камера получает питание от отдельного блока — это норма\",\"Камера не получает питание по PoE: искать причину в настройках TRASSIR рано\",\"Порт работает на скорости 10 Мбит/с\",\"Превышен суммарный PoE-бюджет коммутатора\"],\"correct\":1,\"whyWrong\":\"Превышение бюджета выключило бы порт целиком, а скорость линка потребления не касается\",\"whyRight\":\"Линк без потребления — это устройство, которое питания не берёт. До настроек TRASSIR дело ещё не дошло\",\"sourceMaterialId\":\"power-link-check\"},{\"id\":\"q-manual-1\",\"text\":\"Камера стоит за маршрутизатором, в другой подсети. Почему автопоиск её не найдёт?\",\"options\":[\"Автопоиск работает широковещательным запросом, а он не проходит маршрутизатор\",\"Автопоиск ищет только камеры TRASSIR\",\"Автопоиск требует Profile T\",\"Автопоиск отключён по умолчанию с версии 4.2\"],\"correct\":0,\"whyWrong\":\"Автопоиск не различает вендоров и не требует Profile T: он ограничен транспортом, а не логикой\",\"whyRight\":\"Широковещательный запрос живёт в пределах сегмента. За маршрутизатором ручное добавление — не запасной путь, а единственный\",\"sourceMaterialId\":\"camera-manual-add\"},{\"id\":\"q-roles-1\",\"text\":\"Заказчик просит «дать оператору всё, потом разберёмся». Чем это грозит на приёмке?\",\"options\":[\"Ничем: права правятся после подписания акта\",\"Перечень камер в роли разойдётся с подписанным перечнем\",\"Оператор не сможет выгрузить фрагмент\",\"Система откажет в записи на резервный том\"],\"correct\":1,\"whyWrong\":\"Права действительно правятся позже, но на приёмке сверяется не удобство, а соответствие подписанному перечню\",\"whyRight\":\"Перечень камер в роли сверяется с тем, что заказчик подписал. Расхождение — это незакрытый акт, а не мелочь\",\"sourceMaterialId\":\"operator-roles\"},{\"id\":\"q-roles-2\",\"text\":\"Какие два права в TRASSIR принято разводить между рядовым оператором и старшим смены?\",\"options\":[\"Просмотр живого видео и работу с архивом\",\"Просмотр и перезагрузку сервера\",\"Настройку детекторов и смену пароля\",\"Экспорт фрагмента и просмотр журнала событий\"],\"correct\":0,\"whyWrong\":\"Перезагрузка сервера и смена пароля — административные права, они не входят ни в одну операторскую роль\",\"whyRight\":\"Живое видео и архив — два разных права, и именно по этой границе проходит различие между сменой и старшим смены\",\"sourceMaterialId\":\"operator-roles\"},{\"id\":\"q-motion-1\",\"text\":\"Детектор движения настроен на всю сцену и даёт по сорок ложных срабатываний за ночь. Что менять в первую очередь?\",\"options\":[\"Понизить чувствительность до минимальной\",\"Ограничить зону тем участком, где событие имеет смысл\",\"Перевести камеру в H.265\",\"Увеличить частоту кадров\"],\"correct\":1,\"whyWrong\":\"Минимальная чувствительность на всей сцене пропустит и настоящее событие: вы уберёте срабатывания вместе с детектором\",\"whyRight\":\"Зона важнее чувствительности. С ограниченной зоной средняя чувствительность работает, а дождь и ветки в кадр не попадают\",\"sourceMaterialId\":\"motion-detectors\"},{\"id\":\"q-redundancy-1\",\"text\":\"В проекте заложен резервный том. Как он учитывается в расчёте глубины архива?\",\"options\":[\"Складывается с основным: глубина удваивается\",\"Не учитывается вовсе: это копия на случай отказа\",\"Учитывается наполовину\",\"Учитывается только при непрерывной записи\"],\"correct\":1,\"whyWrong\":\"Сложить резерв с основным объёмом значит пообещать заказчику вдвое больше, чем система отдаст\",\"whyRight\":\"Резервирование — это копия на случай отказа, а не второй объём. В расчёт глубины резервный том не входит\",\"sourceMaterialId\":\"record-redundancy\"},{\"id\":\"q-export-1\",\"text\":\"Что обязательно должно попасть в видеофрагмент, который передают службе безопасности заказчика?\",\"options\":[\"Штамп времени и идентификатор камеры\",\"Логотип интегратора\",\"Полная запись за сутки\",\"Экспорт в формате, требующем фирменного плеера\"],\"correct\":0,\"whyWrong\":\"Фирменный формат несёт подпись, но без плеера его не откроют; сутки записи не читает никто\",\"whyRight\":\"Без штампа времени и идентификатора камеры фрагмент невозможно привязать к объекту — он теряет доказательную ценность\",\"sourceMaterialId\":\"export-fragment\"},{\"id\":\"q-handover-1\",\"text\":\"Перед сдачей объекта на 32 камеры проверили запись выборочно, по трём каналам. В чём риск?\",\"options\":[\"Ни в чём: выборка репрезентативна\",\"Отказ обычно приходится на камеру, которую добавляли последней\",\"Проверка трёх каналов занимает больше времени, чем всех\",\"Выборочная проверка запрещена регламентом TRASSIR\"],\"correct\":1,\"whyWrong\":\"Регламента, запрещающего выборку, нет — риск не в формальности, а в том, где обычно прячется отказ\",\"whyRight\":\"Отказ почти всегда на камере, которую добавляли последней и в спешке. Выборка по трём каналам из тридцати двух её пропускает\",\"sourceMaterialId\":\"handover-check\"},{\"id\":\"q-handover-2\",\"text\":\"Какой документ из перечисленных обязателен в пакете при сдаче объекта?\",\"options\":[\"Расчёт глубины архива с исходным битрейтом\",\"Скриншот интерфейса TRASSIR\",\"Копия договора с производителем камер\",\"Отчёт о ложных срабатываниях за месяц\"],\"correct\":0,\"whyWrong\":\"Скриншоты и договоры вендора в акт не входят: приёмка проверяет то, что подлежит сверке\",\"whyRight\":\"Расчёт глубины с исходным битрейтом — единственное, чем обосновывается обещанная договором глубина архива\",\"sourceMaterialId\":\"handover-docs\"}],\"answers\":[1,null,null,null,null,null,null,null,null,null,null,null,null,null,null,null,null,null,null,null],\"correct\":0,\"wrong\":1,\"skipped\":19,\"passed\":false}]},\"certificates\":[],\"activeExam\":null,\"toasts\":[],\"storageError\":false}");true
true

> open http://127.0.0.1:5174/home?lang=en
✓ TRASSIR Learn · learning concept
  http://127.0.0.1:5174/home?lang=en

> open http://127.0.0.1:5174/assessment/result?attemptId=094a36c4-e362-4c55-8ec6-1d388328e033&lang=en
✓ TRASSIR Learn · learning concept
  http://127.0.0.1:5174/assessment/result?attemptId=094a36c4-e362-4c55-8ec6-1d388328e033&lang=en

> eval ({url:location.href,lang:document.documentElement.lang,text:document.body.innerText,width:innerWidth,scroll:document.documentElement.scrollWidth,mode:document.querySelector('[data-content-mode]')?.getAttribute('data-content-mode')})
{
  "lang": "en",
  "mode": "Neutral",
  "scroll": 1440,
  "text": "MA\nLearning path\n/\nAssessment result\n\nDesigning a system for 64+ cameras\n\nAssessment not passed\n\n7 September at 21:21 · Attempt 1 of 2\n\nCorrect answers\n0\nof 20\nPass mark\nRequired: 16\n16 answers short\nIncorrect: 1 ↗\nSkipped: 19 ↗\nAll 20 answers ↗\n\nNext attempt: 8 September at 21:21\n\nAttempts remaining: 1. Completed units are kept.\n\nOpen practice\nWhat to review\n\n1 incorrect and 19 skipped answers · sources: 18. A skipped answer does not indicate a misunderstanding of the topic.\n\nConfiguring recording retention on DuoStation\nTRASSIR OS 4.3\nIncorrect 1\nSkipped 1\nDistributing recordings across disks\nTRASSIR OS 4.3\nSkipped 1\nCalculating camera count and coverage zones\nHardware\nSkipped 1\nChoosing a server for 64+ cameras\nNeuroStation\nSkipped 1\nCalculating disk capacity for 64 cameras\nHardware\nSkipped 1\nChecking bandwidth before arriving on site\nTRASSIR OS 4.1\nSkipped 1\nTRASSIR licensing plan for a project\nTRASSIR OS 4.3\nSkipped 1\nEquipment specification for a tender\nHardware\nSkipped 1\nTRASSIR cannot discover an ONVIF camera: diagnostic sequence\nTRASSIR OS 4.3\nSkipped 1\nONVIF profiles S, T and G: what TRASSIR supports\nTRASSIR OS 4.3\nSkipped 1\nChecking camera power and link\nHardware\nSkipped 1\nAdding an IP camera manually\nTRASSIR OS 4.2\nSkipped 1\nOperator access rights\nTRASSIR OS 4.3\nSkipped 2\nConfiguring motion detectors\nTRASSIR OS 4.3\nSkipped 1\nRecording redundancy\nTRASSIR OS 4.3\nSkipped 1\nExporting a video clip for the customer\nTRASSIR OS 4.3\nSkipped 1\nChecking recording on every channel before handover\nTRASSIR OS 4.3\nSkipped 1\nSite handover document pack\nHardware\nSkipped 1\nBack to learning path",
  "url": "http://127.0.0.1:5174/assessment/result?attemptId=094a36c4-e362-4c55-8ec6-1d388328e033&lang=en",
  "width": 1440
}

> errors

> eval JSON.parse(sessionStorage.getItem("learn-prototype-v1"))
{
  "activeExam": null,
  "attemptStarts": {
    "proekt": [
      "094a36c4-e362-4c55-8ec6-1d388328e033"
    ]
  },
  "attempts": {
    "proekt": [
      {
        "answers": [
          1,
          null,
          null,
          null,
          null,
          null,
          null,
          null,
          null,
          null,
          null,
          null,
          null,
          null,
          null,
          null,
          null,
          null,
          null,
          null
        ],
        "correct": 0,
        "finishedAt": "2026-09-07T18:21:43.588Z",
        "id": "094a36c4-e362-4c55-8ec6-1d388328e033",
        "ordinal": 1,
        "ownerId": "marina.final@example.test",
        "passed": false,
        "questions": [
          {
            "correct": 0,
            "id": "q-archive-1",
            "options": [
              "Глубина уменьшится примерно до 20 суток",
              "Глубина не изменится — TRASSIR перераспределит битрейт",
              "Запись новых камер не начнётся, пока не увеличить диск",
              "Глубина уменьшится примерно до 10 суток"
            ],
            "sourceMaterialId": "archive-depth",
            "text": "DuoStation пишет архив 30 суток при 16 камерах. Заказчик добавляет ещё 8 камер того же потока. Что произойдёт с глубиной архива, если объём диска не менять?",
            "whyRight": "24 камеры вместо 16 — это в полтора раза больший поток. При том же объёме диска глубина падает примерно до 20 суток",
            "whyWrong": "Битрейт потока задаётся камерой и профилем записи; TRASSIR его не перераспределяет. Добавление камер увеличивает суммарный поток на диск"
          },
          {
            "correct": 0,
            "id": "q-disk-1",
            "options": [
              "На общем томе камера с высоким битрейтом вытесняет соседей",
              "TRASSIR не поддерживает разные битрейты на одном томе",
              "Том отформатирован в неподходящей файловой системе",
              "Не включено автозатирание"
            ],
            "sourceMaterialId": "disk-layout",
            "text": "Все 32 камеры пишут на один общий том. Камера с битрейтом 8 Мбит/с даёт паспортную глубину, у остальных глубина вдвое ниже расчётной. Почему?",
            "whyRight": "Общий том делится по факту записи, а не по расчёту. Разведение камер по томам группами — единственный способ удержать глубину",
            "whyWrong": "Файловая система и автозатирание влияют на поведение при переполнении, но не на то, чья запись останется"
          },
          {
            "correct": 1,
            "id": "q-archive-2",
            "options": [
              "Диск неисправен",
              "Камеры отдают больший битрейт, чем заложено в расчёт",
              "Не включено автозатирание",
              "Глубина задана в процентах диска"
            ],
            "sourceMaterialId": "archive-depth",
            "text": "Через сутки после настройки самая старая запись оказалась новее расчётной даты. В чём причина?",
            "whyRight": "Расчёт делали по паспортному битрейту, а камеры отдают фактический. Пересчитывать надо по фактическому потоку",
            "whyWrong": "Неисправный диск дал бы отказ записи, а не более короткую глубину; без автозатирания запись просто остановилась бы"
          },
          {
            "correct": 2,
            "id": "q-count-1",
            "options": [
              "От 25",
              "От 125",
              "От 250",
              "Плотность на это не влияет"
            ],
            "sourceMaterialId": "camera-count",
            "text": "Заказчик хочет различать лица на входе. От какой плотности пикселей на метр это возможно?",
            "whyRight": "Идентификация лица начинается от 250 пикселей на метр. Ниже — только распознавание",
            "whyWrong": "25 пикселей на метр дают только факт события, 125 — распознавание человека как фигуры"
          },
          {
            "correct": 0,
            "id": "q-server-1",
            "options": [
              "В суммарный битрейт записи и число одновременных декодирований",
              "В число портов коммутатора",
              "В версию TRASSIR OS",
              "В длину кабельных трасс"
            ],
            "sourceMaterialId": "server-choice",
            "text": "Во что упирается сервер раньше, чем в число камер?",
            "whyRight": "32 камеры с четырьмя рабочими местами нагружают сервер сильнее, чем 64 с одним: считается поток, а не количество",
            "whyWrong": "Порты и трассы — это сеть объекта; версия системы задаёт функции, а не потолок нагрузки"
          },
          {
            "correct": 1,
            "id": "q-capacity-1",
            "options": [
              "Показать итоговую цифру со ссылкой на опыт",
              "Принести расчёт с исходными данными",
              "Заложить двойной запас",
              "Сослаться на паспорт оборудования"
            ],
            "sourceMaterialId": "disk-capacity",
            "text": "Как надёжнее всего защитить объём дисков перед заказчиком?",
            "whyRight": "Строка «64 камеры × 4 Мбит/с × 30 суток» снимает спор за минуту — потому что её можно проверить",
            "whyWrong": "Заказчик оспаривает не объём, а непрозрачность: итог без исходных данных выглядит как запас «на всякий случай»"
          },
          {
            "correct": 1,
            "id": "q-bandwidth-1",
            "options": [
              "Запись архива",
              "Удалённый просмотр",
              "Работа детекторов",
              "Резервирование на второй том"
            ],
            "sourceMaterialId": "bandwidth-check",
            "text": "Что из перечисленного нагружает канал наружу с объекта?",
            "whyRight": "Наружу уходит только удалённый просмотр — и упирается в канал он ровно тогда, когда заказчик открывает несколько камер сразу",
            "whyWrong": "Запись, детекторы и резервирование живут внутри объекта и канал наружу не трогают"
          },
          {
            "correct": 0,
            "id": "q-license-1",
            "options": [
              "Каналы и модули лицензируются независимо",
              "Аналитика лицензируется по числу серверов",
              "Аналитика входит в лицензию только с версии 4.3",
              "Прайс обновляется чаще сметы"
            ],
            "sourceMaterialId": "license-scheme",
            "text": "Смета, где аналитика посчитана «в составе канала», расходится с прайсом. Почему?",
            "whyRight": "Это две независимые оси лицензирования. Смета, считающая их одной, расходится на каждом согласовании",
            "whyWrong": "Версия и частота обновления прайса объясняют разовое расхождение, но не системное"
          },
          {
            "correct": 1,
            "id": "q-tender-1",
            "options": [
              "Указать конкретную модель и вендора",
              "Описать требования: профиль, битрейт, частоту, температурный диапазон",
              "Указать диапазон цены",
              "Сослаться на проект"
            ],
            "sourceMaterialId": "tender-spec",
            "text": "Как описать камеру в тендерной спецификации, чтобы её не заменили дешёвым эквивалентом?",
            "whyRight": "Эквивалента с такими параметрами в дешёвом сегменте нет: требования заменить нечем, в отличие от названия модели",
            "whyWrong": "Строка с моделью заменяется «эквивалентом» на торгах — это стандартная процедура, а не злой умысел"
          },
          {
            "correct": 1,
            "id": "q-onvif-1",
            "options": [
              "Перезагрузить сервер TRASSIR и повторить поиск устройств",
              "Открыть RTSP-строку камеры сторонним плеером с той же машины",
              "Сменить профиль потока на Profile T и добавить камеру заново",
              "Проверить свободное место на дисках архива"
            ],
            "sourceMaterialId": "onvif-not-found",
            "text": "Камера подключена, TRASSIR видит её по ONVIF, но поток не открывается. Какая проверка исключает причину на стороне сети быстрее всего?",
            "whyRight": "Сторонний плеер с той же машины отделяет сеть от TRASSIR за одну операцию: если поток открылся, сеть ни при чём",
            "whyWrong": "Перезагрузка и смена профиля меняют состояние системы, но ничего не проверяют: после них вы всё ещё не знаете, доходит ли поток до машины"
          },
          {
            "correct": 0,
            "id": "q-onvif-2",
            "options": [
              "Profile G не даёт живое видео — нужен Profile S",
              "Profile G требует лицензии TRASSIR на аналитику",
              "Profile G работает только с версии TRASSIR OS 4.3",
              "Profile G несовместим с PoE-питанием"
            ],
            "sourceMaterialId": "onvif-profiles",
            "text": "Камера заявлена производителем как ONVIF-совместимая, но TRASSIR её не добавляет. В паспорте указан только Profile G. В чём причина?",
            "whyRight": "Profile G — это работа с архивом НА камере. Живое видео несёт Profile S, и без него добавить камеру нечем",
            "whyWrong": "Ни лицензия, ни версия, ни питание к профилю ONVIF отношения не имеют — профиль описывает набор функций, которые камера отдаёт наружу"
          },
          {
            "correct": 1,
            "id": "q-power-1",
            "options": [
              "Камера получает питание от отдельного блока — это норма",
              "Камера не получает питание по PoE: искать причину в настройках TRASSIR рано",
              "Порт работает на скорости 10 Мбит/с",
              "Превышен суммарный PoE-бюджет коммутатора"
            ],
            "sourceMaterialId": "power-link-check",
            "text": "Порт коммутатора показывает линк, но нулевое потребление в PoE-бюджете. Что это значит?",
            "whyRight": "Линк без потребления — это устройство, которое питания не берёт. До настроек TRASSIR дело ещё не дошло",
            "whyWrong": "Превышение бюджета выключило бы порт целиком, а скорость линка потребления не касается"
          },
          {
            "correct": 0,
            "id": "q-manual-1",
            "options": [
              "Автопоиск работает широковещательным запросом, а он не проходит маршрутизатор",
              "Автопоиск ищет только камеры TRASSIR",
              "Автопоиск требует Profile T",
              "Автопоиск отключён по умолчанию с версии 4.2"
            ],
            "sourceMaterialId": "camera-manual-add",
            "text": "Камера стоит за маршрутизатором, в другой подсети. Почему автопоиск её не найдёт?",
            "whyRight": "Широковещательный запрос живёт в пределах сегмента. За маршрутизатором ручное добавление — не запасной путь, а единственный",
            "whyWrong": "Автопоиск не различает вендоров и не требует Profile T: он ограничен транспортом, а не логикой"
          },
          {
            "correct": 1,
            "id": "q-roles-1",
            "options": [
              "Ничем: права правятся после подписания акта",
              "Перечень камер в роли разойдётся с подписанным перечнем",
              "Оператор не сможет выгрузить фрагмент",
              "Система откажет в записи на резервный том"
            ],
            "sourceMaterialId": "operator-roles",
            "text": "Заказчик просит «дать оператору всё, потом разберёмся». Чем это грозит на приёмке?",
            "whyRight": "Перечень камер в роли сверяется с тем, что заказчик подписал. Расхождение — это незакрытый акт, а не мелочь",
            "whyWrong": "Права действительно правятся позже, но на приёмке сверяется не удобство, а соответствие подписанному перечню"
          },
          {
            "correct": 0,
            "id": "q-roles-2",
            "options": [
              "Просмотр живого видео и работу с архивом",
              "Просмотр и перезагрузку сервера",
              "Настройку детекторов и смену пароля",
              "Экспорт фрагмента и просмотр журнала событий"
            ],
            "sourceMaterialId": "operator-roles",
            "text": "Какие два права в TRASSIR принято разводить между рядовым оператором и старшим смены?",
            "whyRight": "Живое видео и архив — два разных права, и именно по этой границе проходит различие между сменой и старшим смены",
            "whyWrong": "Перезагрузка сервера и смена пароля — административные права, они не входят ни в одну операторскую роль"
          },
          {
            "correct": 1,
            "id": "q-motion-1",
            "options": [
              "Понизить чувствительность до минимальной",
              "Ограничить зону тем участком, где событие имеет смысл",
              "Перевести камеру в H.265",
              "Увеличить частоту кадров"
            ],
            "sourceMaterialId": "motion-detectors",
            "text": "Детектор движения настроен на всю сцену и даёт по сорок ложных срабатываний за ночь. Что менять в первую очередь?",
            "whyRight": "Зона важнее чувствительности. С ограниченной зоной средняя чувствительность работает, а дождь и ветки в кадр не попадают",
            "whyWrong": "Минимальная чувствительность на всей сцене пропустит и настоящее событие: вы уберёте срабатывания вместе с детектором"
          },
          {
            "correct": 1,
            "id": "q-redundancy-1",
            "options": [
              "Складывается с основным: глубина удваивается",
              "Не учитывается вовсе: это копия на случай отказа",
              "Учитывается наполовину",
              "Учитывается только при непрерывной записи"
            ],
            "sourceMaterialId": "record-redundancy",
            "text": "В проекте заложен резервный том. Как он учитывается в расчёте глубины архива?",
            "whyRight": "Резервирование — это копия на случай отказа, а не второй объём. В расчёт глубины резервный том не входит",
            "whyWrong": "Сложить резерв с основным объёмом значит пообещать заказчику вдвое больше, чем система отдаст"
          },
          {
            "correct": 0,
            "id": "q-export-1",
            "options": [
              "Штамп времени и идентификатор камеры",
              "Логотип интегратора",
              "Полная запись за сутки",
              "Экспорт в формате, требующем фирменного плеера"
            ],
            "sourceMaterialId": "export-fragment",
            "text": "Что обязательно должно попасть в видеофрагмент, который передают службе безопасности заказчика?",
            "whyRight": "Без штампа времени и идентификатора камеры фрагмент невозможно привязать к объекту — он теряет доказательную ценность",
            "whyWrong": "Фирменный формат несёт подпись, но без плеера его не откроют; сутки записи не читает никто"
          },
          {
            "correct": 1,
            "id": "q-handover-1",
            "options": [
              "Ни в чём: выборка репрезентативна",
              "Отказ обычно приходится на камеру, которую добавляли последней",
              "Проверка трёх каналов занимает больше времени, чем всех",
              "Выборочная проверка запрещена регламентом TRASSIR"
            ],
            "sourceMaterialId": "handover-check",
            "text": "Перед сдачей объекта на 32 камеры проверили запись выборочно, по трём каналам. В чём риск?",
            "whyRight": "Отказ почти всегда на камере, которую добавляли последней и в спешке. Выборка по трём каналам из тридцати двух её пропускает",
            "whyWrong": "Регламента, запрещающего выборку, нет — риск не в формальности, а в том, где обычно прячется отказ"
          },
          {
            "correct": 0,
            "id": "q-handover-2",
            "options": [
              "Расчёт глубины архива с исходным битрейтом",
              "Скриншот интерфейса TRASSIR",
              "Копия договора с производителем камер",
              "Отчёт о ложных срабатываниях за месяц"
            ],
            "sourceMaterialId": "handover-docs",
            "text": "Какой документ из перечисленных обязателен в пакете при сдаче объекта?",
            "whyRight": "Расчёт глубины с исходным битрейтом — единственное, чем обосновывается обещанная договором глубина архива",
            "whyWrong": "Скриншоты и договоры вендора в акт не входят: приёмка проверяет то, что подлежит сверке"
          }
        ],
        "rules": {
          "attempts": 2,
          "cooldownHours": 24,
          "minutes": 30,
          "questions": 20,
          "threshold": 16
        },
        "skipped": 19,
        "startedAt": "2026-09-07T18:21:43.383Z",
        "trajectoryId": "proekt",
        "wrong": 1
      }
    ]
  },
  "certificates": [],
  "history": [
    {
      "materialId": "tender-spec",
      "openedAt": "2026-09-07T18:09:43.009Z"
    },
    {
      "materialId": "license-scheme",
      "openedAt": "2026-09-07T18:09:42.654Z"
    },
    {
      "materialId": "archive-depth",
      "openedAt": "2026-09-07T18:08:41.061Z"
    },
    {
      "materialId": "bandwidth-check",
      "openedAt": "2026-09-07T18:08:12.313Z"
    },
    {
      "materialId": "disk-layout",
      "openedAt": "2026-09-07T18:08:11.791Z"
    },
    {
      "materialId": "disk-capacity",
      "openedAt": "2026-09-07T18:08:11.545Z"
    },
    {
      "materialId": "server-choice",
      "openedAt": "2026-09-07T18:07:54.787Z"
    },
    {
      "materialId": "camera-count",
      "openedAt": "2026-09-07T18:07:54.353Z"
    }
  ],
  "progress": {
    "proekt": {
      "cursor": 7,
      "doneUnitIds": [
        "proekt#0",
        "proekt#1",
        "proekt#2",
        "proekt#3",
        "proekt#4",
        "proekt#5",
        "proekt#6",
        "proekt#7"
      ],
      "lastActivityAt": "2026-09-07T18:09:43.229Z",
      "startedAt": "2026-09-07T18:07:54.081Z",
      "trajectoryId": "proekt"
    }
  },
  "session": {
    "company": "ООО Учебный пример",
    "identifier": "marina.final@example.test",
    "initials": "MA",
    "level": "partner",
    "name": null
  },
  "storageError": false,
  "toasts": [],
  "verification": {
    "company": "ООО Учебный пример",
    "inn": "7812345678",
    "role": "",
    "status": "verified",
    "submittedAt": "2026-09-07T18:09:10.981Z"
  }
}

> eval JSON.parse(sessionStorage.getItem("learn-prototype-v1"))
{
  "activeExam": null,
  "attemptStarts": {
    "proekt": [
      "094a36c4-e362-4c55-8ec6-1d388328e033"
    ]
  },
  "attempts": {
    "proekt": [
      {
        "answers": [
          1,
          null,
          null,
          null,
          null,
          null,
          null,
          null,
          null,
          null,
          null,
          null,
          null,
          null,
          null,
          null,
          null,
          null,
          null,
          null
        ],
        "correct": 0,
        "finishedAt": "2026-09-07T18:21:43.588Z",
        "id": "094a36c4-e362-4c55-8ec6-1d388328e033",
        "ordinal": 1,
        "ownerId": "marina.final@example.test",
        "passed": false,
        "questions": [
          {
            "correct": 0,
            "id": "q-archive-1",
            "options": [
              "Глубина уменьшится примерно до 20 суток",
              "Глубина не изменится — TRASSIR перераспределит битрейт",
              "Запись новых камер не начнётся, пока не увеличить диск",
              "Глубина уменьшится примерно до 10 суток"
            ],
            "sourceMaterialId": "archive-depth",
            "text": "DuoStation пишет архив 30 суток при 16 камерах. Заказчик добавляет ещё 8 камер того же потока. Что произойдёт с глубиной архива, если объём диска не менять?",
            "whyRight": "24 камеры вместо 16 — это в полтора раза больший поток. При том же объёме диска глубина падает примерно до 20 суток",
            "whyWrong": "Битрейт потока задаётся камерой и профилем записи; TRASSIR его не перераспределяет. Добавление камер увеличивает суммарный поток на диск"
          },
          {
            "correct": 0,
            "id": "q-disk-1",
            "options": [
              "На общем томе камера с высоким битрейтом вытесняет соседей",
              "TRASSIR не поддерживает разные битрейты на одном томе",
              "Том отформатирован в неподходящей файловой системе",
              "Не включено автозатирание"
            ],
            "sourceMaterialId": "disk-layout",
            "text": "Все 32 камеры пишут на один общий том. Камера с битрейтом 8 Мбит/с даёт паспортную глубину, у остальных глубина вдвое ниже расчётной. Почему?",
            "whyRight": "Общий том делится по факту записи, а не по расчёту. Разведение камер по томам группами — единственный способ удержать глубину",
            "whyWrong": "Файловая система и автозатирание влияют на поведение при переполнении, но не на то, чья запись останется"
          },
          {
            "correct": 1,
            "id": "q-archive-2",
            "options": [
              "Диск неисправен",
              "Камеры отдают больший битрейт, чем заложено в расчёт",
              "Не включено автозатирание",
              "Глубина задана в процентах диска"
            ],
            "sourceMaterialId": "archive-depth",
            "text": "Через сутки после настройки самая старая запись оказалась новее расчётной даты. В чём причина?",
            "whyRight": "Расчёт делали по паспортному битрейту, а камеры отдают фактический. Пересчитывать надо по фактическому потоку",
            "whyWrong": "Неисправный диск дал бы отказ записи, а не более короткую глубину; без автозатирания запись просто остановилась бы"
          },
          {
            "correct": 2,
            "id": "q-count-1",
            "options": [
              "От 25",
              "От 125",
              "От 250",
              "Плотность на это не влияет"
            ],
            "sourceMaterialId": "camera-count",
            "text": "Заказчик хочет различать лица на входе. От какой плотности пикселей на метр это возможно?",
            "whyRight": "Идентификация лица начинается от 250 пикселей на метр. Ниже — только распознавание",
            "whyWrong": "25 пикселей на метр дают только факт события, 125 — распознавание человека как фигуры"
          },
          {
            "correct": 0,
            "id": "q-server-1",
            "options": [
              "В суммарный битрейт записи и число одновременных декодирований",
              "В число портов коммутатора",
              "В версию TRASSIR OS",
              "В длину кабельных трасс"
            ],
            "sourceMaterialId": "server-choice",
            "text": "Во что упирается сервер раньше, чем в число камер?",
            "whyRight": "32 камеры с четырьмя рабочими местами нагружают сервер сильнее, чем 64 с одним: считается поток, а не количество",
            "whyWrong": "Порты и трассы — это сеть объекта; версия системы задаёт функции, а не потолок нагрузки"
          },
          {
            "correct": 1,
            "id": "q-capacity-1",
            "options": [
              "Показать итоговую цифру со ссылкой на опыт",
              "Принести расчёт с исходными данными",
              "Заложить двойной запас",
              "Сослаться на паспорт оборудования"
            ],
            "sourceMaterialId": "disk-capacity",
            "text": "Как надёжнее всего защитить объём дисков перед заказчиком?",
            "whyRight": "Строка «64 камеры × 4 Мбит/с × 30 суток» снимает спор за минуту — потому что её можно проверить",
            "whyWrong": "Заказчик оспаривает не объём, а непрозрачность: итог без исходных данных выглядит как запас «на всякий случай»"
          },
          {
            "correct": 1,
            "id": "q-bandwidth-1",
            "options": [
              "Запись архива",
              "Удалённый просмотр",
              "Работа детекторов",
              "Резервирование на второй том"
            ],
            "sourceMaterialId": "bandwidth-check",
            "text": "Что из перечисленного нагружает канал наружу с объекта?",
            "whyRight": "Наружу уходит только удалённый просмотр — и упирается в канал он ровно тогда, когда заказчик открывает несколько камер сразу",
            "whyWrong": "Запись, детекторы и резервирование живут внутри объекта и канал наружу не трогают"
          },
          {
            "correct": 0,
            "id": "q-license-1",
            "options": [
              "Каналы и модули лицензируются независимо",
              "Аналитика лицензируется по числу серверов",
              "Аналитика входит в лицензию только с версии 4.3",
              "Прайс обновляется чаще сметы"
            ],
            "sourceMaterialId": "license-scheme",
            "text": "Смета, где аналитика посчитана «в составе канала», расходится с прайсом. Почему?",
            "whyRight": "Это две независимые оси лицензирования. Смета, считающая их одной, расходится на каждом согласовании",
            "whyWrong": "Версия и частота обновления прайса объясняют разовое расхождение, но не системное"
          },
          {
            "correct": 1,
            "id": "q-tender-1",
            "options": [
              "Указать конкретную модель и вендора",
              "Описать требования: профиль, битрейт, частоту, температурный диапазон",
              "Указать диапазон цены",
              "Сослаться на проект"
            ],
            "sourceMaterialId": "tender-spec",
            "text": "Как описать камеру в тендерной спецификации, чтобы её не заменили дешёвым эквивалентом?",
            "whyRight": "Эквивалента с такими параметрами в дешёвом сегменте нет: требования заменить нечем, в отличие от названия модели",
            "whyWrong": "Строка с моделью заменяется «эквивалентом» на торгах — это стандартная процедура, а не злой умысел"
          },
          {
            "correct": 1,
            "id": "q-onvif-1",
            "options": [
              "Перезагрузить сервер TRASSIR и повторить поиск устройств",
              "Открыть RTSP-строку камеры сторонним плеером с той же машины",
              "Сменить профиль потока на Profile T и добавить камеру заново",
              "Проверить свободное место на дисках архива"
            ],
            "sourceMaterialId": "onvif-not-found",
            "text": "Камера подключена, TRASSIR видит её по ONVIF, но поток не открывается. Какая проверка исключает причину на стороне сети быстрее всего?",
            "whyRight": "Сторонний плеер с той же машины отделяет сеть от TRASSIR за одну операцию: если поток открылся, сеть ни при чём",
            "whyWrong": "Перезагрузка и смена профиля меняют состояние системы, но ничего не проверяют: после них вы всё ещё не знаете, доходит ли поток до машины"
          },
          {
            "correct": 0,
            "id": "q-onvif-2",
            "options": [
              "Profile G не даёт живое видео — нужен Profile S",
              "Profile G требует лицензии TRASSIR на аналитику",
              "Profile G работает только с версии TRASSIR OS 4.3",
              "Profile G несовместим с PoE-питанием"
            ],
            "sourceMaterialId": "onvif-profiles",
            "text": "Камера заявлена производителем как ONVIF-совместимая, но TRASSIR её не добавляет. В паспорте указан только Profile G. В чём причина?",
            "whyRight": "Profile G — это работа с архивом НА камере. Живое видео несёт Profile S, и без него добавить камеру нечем",
            "whyWrong": "Ни лицензия, ни версия, ни питание к профилю ONVIF отношения не имеют — профиль описывает набор функций, которые камера отдаёт наружу"
          },
          {
            "correct": 1,
            "id": "q-power-1",
            "options": [
              "Камера получает питание от отдельного блока — это норма",
              "Камера не получает питание по PoE: искать причину в настройках TRASSIR рано",
              "Порт работает на скорости 10 Мбит/с",
              "Превышен суммарный PoE-бюджет коммутатора"
            ],
            "sourceMaterialId": "power-link-check",
            "text": "Порт коммутатора показывает линк, но нулевое потребление в PoE-бюджете. Что это значит?",
            "whyRight": "Линк без потребления — это устройство, которое питания не берёт. До настроек TRASSIR дело ещё не дошло",
            "whyWrong": "Превышение бюджета выключило бы порт целиком, а скорость линка потребления не касается"
          },
          {
            "correct": 0,
            "id": "q-manual-1",
            "options": [
              "Автопоиск работает широковещательным запросом, а он не проходит маршрутизатор",
              "Автопоиск ищет только камеры TRASSIR",
              "Автопоиск требует Profile T",
              "Автопоиск отключён по умолчанию с версии 4.2"
            ],
            "sourceMaterialId": "camera-manual-add",
            "text": "Камера стоит за маршрутизатором, в другой подсети. Почему автопоиск её не найдёт?",
            "whyRight": "Широковещательный запрос живёт в пределах сегмента. За маршрутизатором ручное добавление — не запасной путь, а единственный",
            "whyWrong": "Автопоиск не различает вендоров и не требует Profile T: он ограничен транспортом, а не логикой"
          },
          {
            "correct": 1,
            "id": "q-roles-1",
            "options": [
              "Ничем: права правятся после подписания акта",
              "Перечень камер в роли разойдётся с подписанным перечнем",
              "Оператор не сможет выгрузить фрагмент",
              "Система откажет в записи на резервный том"
            ],
            "sourceMaterialId": "operator-roles",
            "text": "Заказчик просит «дать оператору всё, потом разберёмся». Чем это грозит на приёмке?",
            "whyRight": "Перечень камер в роли сверяется с тем, что заказчик подписал. Расхождение — это незакрытый акт, а не мелочь",
            "whyWrong": "Права действительно правятся позже, но на приёмке сверяется не удобство, а соответствие подписанному перечню"
          },
          {
            "correct": 0,
            "id": "q-roles-2",
            "options": [
              "Просмотр живого видео и работу с архивом",
              "Просмотр и перезагрузку сервера",
              "Настройку детекторов и смену пароля",
              "Экспорт фрагмента и просмотр журнала событий"
            ],
            "sourceMaterialId": "operator-roles",
            "text": "Какие два права в TRASSIR принято разводить между рядовым оператором и старшим смены?",
            "whyRight": "Живое видео и архив — два разных права, и именно по этой границе проходит различие между сменой и старшим смены",
            "whyWrong": "Перезагрузка сервера и смена пароля — административные права, они не входят ни в одну операторскую роль"
          },
          {
            "correct": 1,
            "id": "q-motion-1",
            "options": [
              "Понизить чувствительность до минимальной",
              "Ограничить зону тем участком, где событие имеет смысл",
              "Перевести камеру в H.265",
              "Увеличить частоту кадров"
            ],
            "sourceMaterialId": "motion-detectors",
            "text": "Детектор движения настроен на всю сцену и даёт по сорок ложных срабатываний за ночь. Что менять в первую очередь?",
            "whyRight": "Зона важнее чувствительности. С ограниченной зоной средняя чувствительность работает, а дождь и ветки в кадр не попадают",
            "whyWrong": "Минимальная чувствительность на всей сцене пропустит и настоящее событие: вы уберёте срабатывания вместе с детектором"
          },
          {
            "correct": 1,
            "id": "q-redundancy-1",
            "options": [
              "Складывается с основным: глубина удваивается",
              "Не учитывается вовсе: это копия на случай отказа",
              "Учитывается наполовину",
              "Учитывается только при непрерывной записи"
            ],
            "sourceMaterialId": "record-redundancy",
            "text": "В проекте заложен резервный том. Как он учитывается в расчёте глубины архива?",
            "whyRight": "Резервирование — это копия на случай отказа, а не второй объём. В расчёт глубины резервный том не входит",
            "whyWrong": "Сложить резерв с основным объёмом значит пообещать заказчику вдвое больше, чем система отдаст"
          },
          {
            "correct": 0,
            "id": "q-export-1",
            "options": [
              "Штамп времени и идентификатор камеры",
              "Логотип интегратора",
              "Полная запись за сутки",
              "Экспорт в формате, требующем фирменного плеера"
            ],
            "sourceMaterialId": "export-fragment",
            "text": "Что обязательно должно попасть в видеофрагмент, который передают службе безопасности заказчика?",
            "whyRight": "Без штампа времени и идентификатора камеры фрагмент невозможно привязать к объекту — он теряет доказательную ценность",
            "whyWrong": "Фирменный формат несёт подпись, но без плеера его не откроют; сутки записи не читает никто"
          },
          {
            "correct": 1,
            "id": "q-handover-1",
            "options": [
              "Ни в чём: выборка репрезентативна",
              "Отказ обычно приходится на камеру, которую добавляли последней",
              "Проверка трёх каналов занимает больше времени, чем всех",
              "Выборочная проверка запрещена регламентом TRASSIR"
            ],
            "sourceMaterialId": "handover-check",
            "text": "Перед сдачей объекта на 32 камеры проверили запись выборочно, по трём каналам. В чём риск?",
            "whyRight": "Отказ почти всегда на камере, которую добавляли последней и в спешке. Выборка по трём каналам из тридцати двух её пропускает",
            "whyWrong": "Регламента, запрещающего выборку, нет — риск не в формальности, а в том, где обычно прячется отказ"
          },
          {
            "correct": 0,
            "id": "q-handover-2",
            "options": [
              "Расчёт глубины архива с исходным битрейтом",
              "Скриншот интерфейса TRASSIR",
              "Копия договора с производителем камер",
              "Отчёт о ложных срабатываниях за месяц"
            ],
            "sourceMaterialId": "handover-docs",
            "text": "Какой документ из перечисленных обязателен в пакете при сдаче объекта?",
            "whyRight": "Расчёт глубины с исходным битрейтом — единственное, чем обосновывается обещанная договором глубина архива",
            "whyWrong": "Скриншоты и договоры вендора в акт не входят: приёмка проверяет то, что подлежит сверке"
          }
        ],
        "rules": {
          "attempts": 2,
          "cooldownHours": 24,
          "minutes": 30,
          "questions": 20,
          "threshold": 16
        },
        "skipped": 19,
        "startedAt": "2026-09-07T18:21:43.383Z",
        "trajectoryId": "proekt",
        "wrong": 1
      }
    ]
  },
  "certificates": [],
  "history": [
    {
      "materialId": "tender-spec",
      "openedAt": "2026-09-07T18:09:43.009Z"
    },
    {
      "materialId": "license-scheme",
      "openedAt": "2026-09-07T18:09:42.654Z"
    },
    {
      "materialId": "archive-depth",
      "openedAt": "2026-09-07T18:08:41.061Z"
    },
    {
      "materialId": "bandwidth-check",
      "openedAt": "2026-09-07T18:08:12.313Z"
    },
    {
      "materialId": "disk-layout",
      "openedAt": "2026-09-07T18:08:11.791Z"
    },
    {
      "materialId": "disk-capacity",
      "openedAt": "2026-09-07T18:08:11.545Z"
    },
    {
      "materialId": "server-choice",
      "openedAt": "2026-09-07T18:07:54.787Z"
    },
    {
      "materialId": "camera-count",
      "openedAt": "2026-09-07T18:07:54.353Z"
    }
  ],
  "progress": {
    "proekt": {
      "cursor": 7,
      "doneUnitIds": [
        "proekt#0",
        "proekt#1",
        "proekt#2",
        "proekt#3",
        "proekt#4",
        "proekt#5",
        "proekt#6",
        "proekt#7"
      ],
      "lastActivityAt": "2026-09-07T18:09:43.229Z",
      "startedAt": "2026-09-07T18:07:54.081Z",
      "trajectoryId": "proekt"
    }
  },
  "session": {
    "company": "ООО Учебный пример",
    "identifier": "marina.final@example.test",
    "initials": "MA",
    "level": "partner",
    "name": null
  },
  "storageError": false,
  "toasts": [],
  "verification": {
    "company": "ООО Учебный пример",
    "inn": "7812345678",
    "role": "",
    "status": "verified",
    "submittedAt": "2026-09-07T18:09:10.981Z"
  }
}

> screenshot D:\Claude-projects\Site-portfolio\tasks\learn-case\reports\evidence-05\en-1440-failed.png
✓ Screenshot saved to D:\Claude-projects\Site-portfolio\tasks\learn-case\reports\evidence-05\en-1440-failed.png

> eval sessionStorage.clear();sessionStorage.setItem('learn-prototype-v1',"{\"attemptStarts\":{\"proekt\":[\"35ca2928-5cf8-4599-9509-49d63c89229d\"]},\"session\":{\"level\":\"partner\",\"identifier\":\"marina.final@example.test\",\"name\":null,\"initials\":\"MA\",\"company\":\"ООО Учебный пример\"},\"verification\":{\"company\":\"ООО Учебный пример\",\"inn\":\"7812345678\",\"role\":\"\",\"submittedAt\":\"2026-09-07T18:09:10.981Z\",\"status\":\"verified\"},\"history\":[{\"materialId\":\"tender-spec\",\"openedAt\":\"2026-09-07T18:09:44.228Z\"},{\"materialId\":\"camera-manual-add\",\"openedAt\":\"2026-09-07T18:09:43.873Z\"},{\"materialId\":\"first-boot\",\"openedAt\":\"2026-09-07T18:09:43.478Z\"},{\"materialId\":\"license-scheme\",\"openedAt\":\"2026-09-07T18:09:42.654Z\"},{\"materialId\":\"archive-depth\",\"openedAt\":\"2026-09-07T18:08:41.061Z\"},{\"materialId\":\"bandwidth-check\",\"openedAt\":\"2026-09-07T18:08:12.313Z\"},{\"materialId\":\"disk-layout\",\"openedAt\":\"2026-09-07T18:08:11.791Z\"},{\"materialId\":\"disk-capacity\",\"openedAt\":\"2026-09-07T18:08:11.545Z\"},{\"materialId\":\"server-choice\",\"openedAt\":\"2026-09-07T18:07:54.787Z\"},{\"materialId\":\"camera-count\",\"openedAt\":\"2026-09-07T18:07:54.353Z\"}],\"progress\":{\"proekt\":{\"trajectoryId\":\"proekt\",\"doneUnitIds\":[\"proekt#0\",\"proekt#1\",\"proekt#2\",\"proekt#3\",\"proekt#4\",\"proekt#5\",\"proekt#6\",\"proekt#7\"],\"cursor\":7,\"startedAt\":\"2026-09-07T18:07:54.081Z\",\"lastActivityAt\":\"2026-09-07T18:09:44.228Z\"},\"puskonaladka\":{\"trajectoryId\":\"puskonaladka\",\"doneUnitIds\":[\"puskonaladka#0\"],\"cursor\":1,\"startedAt\":\"2026-09-07T18:09:43.437Z\",\"lastActivityAt\":\"2026-09-07T18:09:43.873Z\"}},\"attempts\":{},\"certificates\":[],\"activeExam\":{\"id\":\"35ca2928-5cf8-4599-9509-49d63c89229d\",\"ownerId\":\"marina.final@example.test\",\"trajectoryId\":\"proekt\",\"ordinal\":1,\"startedAt\":\"2026-09-07T18:09:44.319Z\",\"rules\":{\"questions\":20,\"threshold\":16,\"attempts\":2,\"minutes\":30,\"cooldownHours\":24},\"questions\":[{\"id\":\"q-archive-1\",\"text\":\"DuoStation пишет архив 30 суток при 16 камерах. Заказчик добавляет ещё 8 камер того же потока. Что произойдёт с глубиной архива, если объём диска не менять?\",\"options\":[\"Глубина уменьшится примерно до 20 суток\",\"Глубина не изменится — TRASSIR перераспределит битрейт\",\"Запись новых камер не начнётся, пока не увеличить диск\",\"Глубина уменьшится примерно до 10 суток\"],\"correct\":0,\"whyWrong\":\"Битрейт потока задаётся камерой и профилем записи; TRASSIR его не перераспределяет. Добавление камер увеличивает суммарный поток на диск\",\"whyRight\":\"24 камеры вместо 16 — это в полтора раза больший поток. При том же объёме диска глубина падает примерно до 20 суток\",\"sourceMaterialId\":\"archive-depth\"},{\"id\":\"q-disk-1\",\"text\":\"Все 32 камеры пишут на один общий том. Камера с битрейтом 8 Мбит/с даёт паспортную глубину, у остальных глубина вдвое ниже расчётной. Почему?\",\"options\":[\"На общем томе камера с высоким битрейтом вытесняет соседей\",\"TRASSIR не поддерживает разные битрейты на одном томе\",\"Том отформатирован в неподходящей файловой системе\",\"Не включено автозатирание\"],\"correct\":0,\"whyWrong\":\"Файловая система и автозатирание влияют на поведение при переполнении, но не на то, чья запись останется\",\"whyRight\":\"Общий том делится по факту записи, а не по расчёту. Разведение камер по томам группами — единственный способ удержать глубину\",\"sourceMaterialId\":\"disk-layout\"},{\"id\":\"q-archive-2\",\"text\":\"Через сутки после настройки самая старая запись оказалась новее расчётной даты. В чём причина?\",\"options\":[\"Диск неисправен\",\"Камеры отдают больший битрейт, чем заложено в расчёт\",\"Не включено автозатирание\",\"Глубина задана в процентах диска\"],\"correct\":1,\"whyWrong\":\"Неисправный диск дал бы отказ записи, а не более короткую глубину; без автозатирания запись просто остановилась бы\",\"whyRight\":\"Расчёт делали по паспортному битрейту, а камеры отдают фактический. Пересчитывать надо по фактическому потоку\",\"sourceMaterialId\":\"archive-depth\"},{\"id\":\"q-count-1\",\"text\":\"Заказчик хочет различать лица на входе. От какой плотности пикселей на метр это возможно?\",\"options\":[\"От 25\",\"От 125\",\"От 250\",\"Плотность на это не влияет\"],\"correct\":2,\"whyWrong\":\"25 пикселей на метр дают только факт события, 125 — распознавание человека как фигуры\",\"whyRight\":\"Идентификация лица начинается от 250 пикселей на метр. Ниже — только распознавание\",\"sourceMaterialId\":\"camera-count\"},{\"id\":\"q-server-1\",\"text\":\"Во что упирается сервер раньше, чем в число камер?\",\"options\":[\"В суммарный битрейт записи и число одновременных декодирований\",\"В число портов коммутатора\",\"В версию TRASSIR OS\",\"В длину кабельных трасс\"],\"correct\":0,\"whyWrong\":\"Порты и трассы — это сеть объекта; версия системы задаёт функции, а не потолок нагрузки\",\"whyRight\":\"32 камеры с четырьмя рабочими местами нагружают сервер сильнее, чем 64 с одним: считается поток, а не количество\",\"sourceMaterialId\":\"server-choice\"},{\"id\":\"q-capacity-1\",\"text\":\"Как надёжнее всего защитить объём дисков перед заказчиком?\",\"options\":[\"Показать итоговую цифру со ссылкой на опыт\",\"Принести расчёт с исходными данными\",\"Заложить двойной запас\",\"Сослаться на паспорт оборудования\"],\"correct\":1,\"whyWrong\":\"Заказчик оспаривает не объём, а непрозрачность: итог без исходных данных выглядит как запас «на всякий случай»\",\"whyRight\":\"Строка «64 камеры × 4 Мбит/с × 30 суток» снимает спор за минуту — потому что её можно проверить\",\"sourceMaterialId\":\"disk-capacity\"},{\"id\":\"q-bandwidth-1\",\"text\":\"Что из перечисленного нагружает канал наружу с объекта?\",\"options\":[\"Запись архива\",\"Удалённый просмотр\",\"Работа детекторов\",\"Резервирование на второй том\"],\"correct\":1,\"whyWrong\":\"Запись, детекторы и резервирование живут внутри объекта и канал наружу не трогают\",\"whyRight\":\"Наружу уходит только удалённый просмотр — и упирается в канал он ровно тогда, когда заказчик открывает несколько камер сразу\",\"sourceMaterialId\":\"bandwidth-check\"},{\"id\":\"q-license-1\",\"text\":\"Смета, где аналитика посчитана «в составе канала», расходится с прайсом. Почему?\",\"options\":[\"Каналы и модули лицензируются независимо\",\"Аналитика лицензируется по числу серверов\",\"Аналитика входит в лицензию только с версии 4.3\",\"Прайс обновляется чаще сметы\"],\"correct\":0,\"whyWrong\":\"Версия и частота обновления прайса объясняют разовое расхождение, но не системное\",\"whyRight\":\"Это две независимые оси лицензирования. Смета, считающая их одной, расходится на каждом согласовании\",\"sourceMaterialId\":\"license-scheme\"},{\"id\":\"q-tender-1\",\"text\":\"Как описать камеру в тендерной спецификации, чтобы её не заменили дешёвым эквивалентом?\",\"options\":[\"Указать конкретную модель и вендора\",\"Описать требования: профиль, битрейт, частоту, температурный диапазон\",\"Указать диапазон цены\",\"Сослаться на проект\"],\"correct\":1,\"whyWrong\":\"Строка с моделью заменяется «эквивалентом» на торгах — это стандартная процедура, а не злой умысел\",\"whyRight\":\"Эквивалента с такими параметрами в дешёвом сегменте нет: требования заменить нечем, в отличие от названия модели\",\"sourceMaterialId\":\"tender-spec\"},{\"id\":\"q-onvif-1\",\"text\":\"Камера подключена, TRASSIR видит её по ONVIF, но поток не открывается. Какая проверка исключает причину на стороне сети быстрее всего?\",\"options\":[\"Перезагрузить сервер TRASSIR и повторить поиск устройств\",\"Открыть RTSP-строку камеры сторонним плеером с той же машины\",\"Сменить профиль потока на Profile T и добавить камеру заново\",\"Проверить свободное место на дисках архива\"],\"correct\":1,\"whyWrong\":\"Перезагрузка и смена профиля меняют состояние системы, но ничего не проверяют: после них вы всё ещё не знаете, доходит ли поток до машины\",\"whyRight\":\"Сторонний плеер с той же машины отделяет сеть от TRASSIR за одну операцию: если поток открылся, сеть ни при чём\",\"sourceMaterialId\":\"onvif-not-found\"},{\"id\":\"q-onvif-2\",\"text\":\"Камера заявлена производителем как ONVIF-совместимая, но TRASSIR её не добавляет. В паспорте указан только Profile G. В чём причина?\",\"options\":[\"Profile G не даёт живое видео — нужен Profile S\",\"Profile G требует лицензии TRASSIR на аналитику\",\"Profile G работает только с версии TRASSIR OS 4.3\",\"Profile G несовместим с PoE-питанием\"],\"correct\":0,\"whyWrong\":\"Ни лицензия, ни версия, ни питание к профилю ONVIF отношения не имеют — профиль описывает набор функций, которые камера отдаёт наружу\",\"whyRight\":\"Profile G — это работа с архивом НА камере. Живое видео несёт Profile S, и без него добавить камеру нечем\",\"sourceMaterialId\":\"onvif-profiles\"},{\"id\":\"q-power-1\",\"text\":\"Порт коммутатора показывает линк, но нулевое потребление в PoE-бюджете. Что это значит?\",\"options\":[\"Камера получает питание от отдельного блока — это норма\",\"Камера не получает питание по PoE: искать причину в настройках TRASSIR рано\",\"Порт работает на скорости 10 Мбит/с\",\"Превышен суммарный PoE-бюджет коммутатора\"],\"correct\":1,\"whyWrong\":\"Превышение бюджета выключило бы порт целиком, а скорость линка потребления не касается\",\"whyRight\":\"Линк без потребления — это устройство, которое питания не берёт. До настроек TRASSIR дело ещё не дошло\",\"sourceMaterialId\":\"power-link-check\"},{\"id\":\"q-manual-1\",\"text\":\"Камера стоит за маршрутизатором, в другой подсети. Почему автопоиск её не найдёт?\",\"options\":[\"Автопоиск работает широковещательным запросом, а он не проходит маршрутизатор\",\"Автопоиск ищет только камеры TRASSIR\",\"Автопоиск требует Profile T\",\"Автопоиск отключён по умолчанию с версии 4.2\"],\"correct\":0,\"whyWrong\":\"Автопоиск не различает вендоров и не требует Profile T: он ограничен транспортом, а не логикой\",\"whyRight\":\"Широковещательный запрос живёт в пределах сегмента. За маршрутизатором ручное добавление — не запасной путь, а единственный\",\"sourceMaterialId\":\"camera-manual-add\"},{\"id\":\"q-roles-1\",\"text\":\"Заказчик просит «дать оператору всё, потом разберёмся». Чем это грозит на приёмке?\",\"options\":[\"Ничем: права правятся после подписания акта\",\"Перечень камер в роли разойдётся с подписанным перечнем\",\"Оператор не сможет выгрузить фрагмент\",\"Система откажет в записи на резервный том\"],\"correct\":1,\"whyWrong\":\"Права действительно правятся позже, но на приёмке сверяется не удобство, а соответствие подписанному перечню\",\"whyRight\":\"Перечень камер в роли сверяется с тем, что заказчик подписал. Расхождение — это незакрытый акт, а не мелочь\",\"sourceMaterialId\":\"operator-roles\"},{\"id\":\"q-roles-2\",\"text\":\"Какие два права в TRASSIR принято разводить между рядовым оператором и старшим смены?\",\"options\":[\"Просмотр живого видео и работу с архивом\",\"Просмотр и перезагрузку сервера\",\"Настройку детекторов и смену пароля\",\"Экспорт фрагмента и просмотр журнала событий\"],\"correct\":0,\"whyWrong\":\"Перезагрузка сервера и смена пароля — административные права, они не входят ни в одну операторскую роль\",\"whyRight\":\"Живое видео и архив — два разных права, и именно по этой границе проходит различие между сменой и старшим смены\",\"sourceMaterialId\":\"operator-roles\"},{\"id\":\"q-motion-1\",\"text\":\"Детектор движения настроен на всю сцену и даёт по сорок ложных срабатываний за ночь. Что менять в первую очередь?\",\"options\":[\"Понизить чувствительность до минимальной\",\"Ограничить зону тем участком, где событие имеет смысл\",\"Перевести камеру в H.265\",\"Увеличить частоту кадров\"],\"correct\":1,\"whyWrong\":\"Минимальная чувствительность на всей сцене пропустит и настоящее событие: вы уберёте срабатывания вместе с детектором\",\"whyRight\":\"Зона важнее чувствительности. С ограниченной зоной средняя чувствительность работает, а дождь и ветки в кадр не попадают\",\"sourceMaterialId\":\"motion-detectors\"},{\"id\":\"q-redundancy-1\",\"text\":\"В проекте заложен резервный том. Как он учитывается в расчёте глубины архива?\",\"options\":[\"Складывается с основным: глубина удваивается\",\"Не учитывается вовсе: это копия на случай отказа\",\"Учитывается наполовину\",\"Учитывается только при непрерывной записи\"],\"correct\":1,\"whyWrong\":\"Сложить резерв с основным объёмом значит пообещать заказчику вдвое больше, чем система отдаст\",\"whyRight\":\"Резервирование — это копия на случай отказа, а не второй объём. В расчёт глубины резервный том не входит\",\"sourceMaterialId\":\"record-redundancy\"},{\"id\":\"q-export-1\",\"text\":\"Что обязательно должно попасть в видеофрагмент, который передают службе безопасности заказчика?\",\"options\":[\"Штамп времени и идентификатор камеры\",\"Логотип интегратора\",\"Полная запись за сутки\",\"Экспорт в формате, требующем фирменного плеера\"],\"correct\":0,\"whyWrong\":\"Фирменный формат несёт подпись, но без плеера его не откроют; сутки записи не читает никто\",\"whyRight\":\"Без штампа времени и идентификатора камеры фрагмент невозможно привязать к объекту — он теряет доказательную ценность\",\"sourceMaterialId\":\"export-fragment\"},{\"id\":\"q-handover-1\",\"text\":\"Перед сдачей объекта на 32 камеры проверили запись выборочно, по трём каналам. В чём риск?\",\"options\":[\"Ни в чём: выборка репрезентативна\",\"Отказ обычно приходится на камеру, которую добавляли последней\",\"Проверка трёх каналов занимает больше времени, чем всех\",\"Выборочная проверка запрещена регламентом TRASSIR\"],\"correct\":1,\"whyWrong\":\"Регламента, запрещающего выборку, нет — риск не в формальности, а в том, где обычно прячется отказ\",\"whyRight\":\"Отказ почти всегда на камере, которую добавляли последней и в спешке. Выборка по трём каналам из тридцати двух её пропускает\",\"sourceMaterialId\":\"handover-check\"},{\"id\":\"q-handover-2\",\"text\":\"Какой документ из перечисленных обязателен в пакете при сдаче объекта?\",\"options\":[\"Расчёт глубины архива с исходным битрейтом\",\"Скриншот интерфейса TRASSIR\",\"Копия договора с производителем камер\",\"Отчёт о ложных срабатываниях за месяц\"],\"correct\":0,\"whyWrong\":\"Скриншоты и договоры вендора в акт не входят: приёмка проверяет то, что подлежит сверке\",\"whyRight\":\"Расчёт глубины с исходным битрейтом — единственное, чем обосновывается обещанная договором глубина архива\",\"sourceMaterialId\":\"handover-docs\"}],\"answers\":[0,0,1,2,0,1,1,0,1,1,0,1,0,1,0,1,1,0,1,0],\"index\":19,\"deadlineAt\":\"2026-09-07T18:39:44.319Z\",\"frozenAt\":\"2026-09-07T18:10:13.953Z\",\"stoppedMsLeft\":1770366,\"submitting\":false,\"submitError\":\"Нет подключения. Ответы зафиксированы.\"},\"toasts\":[],\"storageError\":false}");true
true

> open http://127.0.0.1:5174/home?lang=en
✓ TRASSIR Learn · learning concept
  http://127.0.0.1:5174/home?lang=en

> open http://127.0.0.1:5174/assessment?attemptId=35ca2928-5cf8-4599-9509-49d63c89229d&lang=en
✓ TRASSIR Learn · learning concept
  http://127.0.0.1:5174/assessment?attemptId=35ca2928-5cf8-4599-9509-49d63c89229d&lang=en

> eval ({url:location.href,lang:document.documentElement.lang,text:document.body.innerText,width:innerWidth,scroll:document.documentElement.scrollWidth,mode:document.querySelector('[data-content-mode]')?.getAttribute('data-content-mode')})
{
  "lang": "en",
  "mode": "Neutral",
  "scroll": 1440,
  "text": "MA\nAssessment · Designing a system for 64+ cameras\nQuestion\n20 / 20\n29:30 · answers locked\nAnswers not yet submitted\nNo connection. Your answers have been locked. All answers are saved in this tab and locked for editing. Submit again when the connection is restored.\nQuestion 20 of 20\nWhich of these documents is required in the site handover package?\nRecording retention calculation with the input bitrate\nA screenshot of the TRASSIR interface\nA copy of the contract with the camera manufacturer\nA report on false alarms over a month\n\nYour answers are locked. Resubmitting uses the same attempt.\n\nBack\nTry submitting again",
  "url": "http://127.0.0.1:5174/assessment?attemptId=35ca2928-5cf8-4599-9509-49d63c89229d&lang=en",
  "width": 1440
}

> errors

> eval JSON.parse(sessionStorage.getItem("learn-prototype-v1"))
{
  "activeExam": {
    "answers": [
      0,
      0,
      1,
      2,
      0,
      1,
      1,
      0,
      1,
      1,
      0,
      1,
      0,
      1,
      0,
      1,
      1,
      0,
      1,
      0
    ],
    "deadlineAt": "2026-09-07T18:39:44.319Z",
    "frozenAt": "2026-09-07T18:10:13.953Z",
    "id": "35ca2928-5cf8-4599-9509-49d63c89229d",
    "index": 19,
    "ordinal": 1,
    "ownerId": "marina.final@example.test",
    "questions": [
      {
        "correct": 0,
        "id": "q-archive-1",
        "options": [
          "Глубина уменьшится примерно до 20 суток",
          "Глубина не изменится — TRASSIR перераспределит битрейт",
          "Запись новых камер не начнётся, пока не увеличить диск",
          "Глубина уменьшится примерно до 10 суток"
        ],
        "sourceMaterialId": "archive-depth",
        "text": "DuoStation пишет архив 30 суток при 16 камерах. Заказчик добавляет ещё 8 камер того же потока. Что произойдёт с глубиной архива, если объём диска не менять?",
        "whyRight": "24 камеры вместо 16 — это в полтора раза больший поток. При том же объёме диска глубина падает примерно до 20 суток",
        "whyWrong": "Битрейт потока задаётся камерой и профилем записи; TRASSIR его не перераспределяет. Добавление камер увеличивает суммарный поток на диск"
      },
      {
        "correct": 0,
        "id": "q-disk-1",
        "options": [
          "На общем томе камера с высоким битрейтом вытесняет соседей",
          "TRASSIR не поддерживает разные битрейты на одном томе",
          "Том отформатирован в неподходящей файловой системе",
          "Не включено автозатирание"
        ],
        "sourceMaterialId": "disk-layout",
        "text": "Все 32 камеры пишут на один общий том. Камера с битрейтом 8 Мбит/с даёт паспортную глубину, у остальных глубина вдвое ниже расчётной. Почему?",
        "whyRight": "Общий том делится по факту записи, а не по расчёту. Разведение камер по томам группами — единственный способ удержать глубину",
        "whyWrong": "Файловая система и автозатирание влияют на поведение при переполнении, но не на то, чья запись останется"
      },
      {
        "correct": 1,
        "id": "q-archive-2",
        "options": [
          "Диск неисправен",
          "Камеры отдают больший битрейт, чем заложено в расчёт",
          "Не включено автозатирание",
          "Глубина задана в процентах диска"
        ],
        "sourceMaterialId": "archive-depth",
        "text": "Через сутки после настройки самая старая запись оказалась новее расчётной даты. В чём причина?",
        "whyRight": "Расчёт делали по паспортному битрейту, а камеры отдают фактический. Пересчитывать надо по фактическому потоку",
        "whyWrong": "Неисправный диск дал бы отказ записи, а не более короткую глубину; без автозатирания запись просто остановилась бы"
      },
      {
        "correct": 2,
        "id": "q-count-1",
        "options": [
          "От 25",
          "От 125",
          "От 250",
          "Плотность на это не влияет"
        ],
        "sourceMaterialId": "camera-count",
        "text": "Заказчик хочет различать лица на входе. От какой плотности пикселей на метр это возможно?",
        "whyRight": "Идентификация лица начинается от 250 пикселей на метр. Ниже — только распознавание",
        "whyWrong": "25 пикселей на метр дают только факт события, 125 — распознавание человека как фигуры"
      },
      {
        "correct": 0,
        "id": "q-server-1",
        "options": [
          "В суммарный битрейт записи и число одновременных декодирований",
          "В число портов коммутатора",
          "В версию TRASSIR OS",
          "В длину кабельных трасс"
        ],
        "sourceMaterialId": "server-choice",
        "text": "Во что упирается сервер раньше, чем в число камер?",
        "whyRight": "32 камеры с четырьмя рабочими местами нагружают сервер сильнее, чем 64 с одним: считается поток, а не количество",
        "whyWrong": "Порты и трассы — это сеть объекта; версия системы задаёт функции, а не потолок нагрузки"
      },
      {
        "correct": 1,
        "id": "q-capacity-1",
        "options": [
          "Показать итоговую цифру со ссылкой на опыт",
          "Принести расчёт с исходными данными",
          "Заложить двойной запас",
          "Сослаться на паспорт оборудования"
        ],
        "sourceMaterialId": "disk-capacity",
        "text": "Как надёжнее всего защитить объём дисков перед заказчиком?",
        "whyRight": "Строка «64 камеры × 4 Мбит/с × 30 суток» снимает спор за минуту — потому что её можно проверить",
        "whyWrong": "Заказчик оспаривает не объём, а непрозрачность: итог без исходных данных выглядит как запас «на всякий случай»"
      },
      {
        "correct": 1,
        "id": "q-bandwidth-1",
        "options": [
          "Запись архива",
          "Удалённый просмотр",
          "Работа детекторов",
          "Резервирование на второй том"
        ],
        "sourceMaterialId": "bandwidth-check",
        "text": "Что из перечисленного нагружает канал наружу с объекта?",
        "whyRight": "Наружу уходит только удалённый просмотр — и упирается в канал он ровно тогда, когда заказчик открывает несколько камер сразу",
        "whyWrong": "Запись, детекторы и резервирование живут внутри объекта и канал наружу не трогают"
      },
      {
        "correct": 0,
        "id": "q-license-1",
        "options": [
          "Каналы и модули лицензируются независимо",
          "Аналитика лицензируется по числу серверов",
          "Аналитика входит в лицензию только с версии 4.3",
          "Прайс обновляется чаще сметы"
        ],
        "sourceMaterialId": "license-scheme",
        "text": "Смета, где аналитика посчитана «в составе канала», расходится с прайсом. Почему?",
        "whyRight": "Это две независимые оси лицензирования. Смета, считающая их одной, расходится на каждом согласовании",
        "whyWrong": "Версия и частота обновления прайса объясняют разовое расхождение, но не системное"
      },
      {
        "correct": 1,
        "id": "q-tender-1",
        "options": [
          "Указать конкретную модель и вендора",
          "Описать требования: профиль, битрейт, частоту, температурный диапазон",
          "Указать диапазон цены",
          "Сослаться на проект"
        ],
        "sourceMaterialId": "tender-spec",
        "text": "Как описать камеру в тендерной спецификации, чтобы её не заменили дешёвым эквивалентом?",
        "whyRight": "Эквивалента с такими параметрами в дешёвом сегменте нет: требования заменить нечем, в отличие от названия модели",
        "whyWrong": "Строка с моделью заменяется «эквивалентом» на торгах — это стандартная процедура, а не злой умысел"
      },
      {
        "correct": 1,
        "id": "q-onvif-1",
        "options": [
          "Перезагрузить сервер TRASSIR и повторить поиск устройств",
          "Открыть RTSP-строку камеры сторонним плеером с той же машины",
          "Сменить профиль потока на Profile T и добавить камеру заново",
          "Проверить свободное место на дисках архива"
        ],
        "sourceMaterialId": "onvif-not-found",
        "text": "Камера подключена, TRASSIR видит её по ONVIF, но поток не открывается. Какая проверка исключает причину на стороне сети быстрее всего?",
        "whyRight": "Сторонний плеер с той же машины отделяет сеть от TRASSIR за одну операцию: если поток открылся, сеть ни при чём",
        "whyWrong": "Перезагрузка и смена профиля меняют состояние системы, но ничего не проверяют: после них вы всё ещё не знаете, доходит ли поток до машины"
      },
      {
        "correct": 0,
        "id": "q-onvif-2",
        "options": [
          "Profile G не даёт живое видео — нужен Profile S",
          "Profile G требует лицензии TRASSIR на аналитику",
          "Profile G работает только с версии TRASSIR OS 4.3",
          "Profile G несовместим с PoE-питанием"
        ],
        "sourceMaterialId": "onvif-profiles",
        "text": "Камера заявлена производителем как ONVIF-совместимая, но TRASSIR её не добавляет. В паспорте указан только Profile G. В чём причина?",
        "whyRight": "Profile G — это работа с архивом НА камере. Живое видео несёт Profile S, и без него добавить камеру нечем",
        "whyWrong": "Ни лицензия, ни версия, ни питание к профилю ONVIF отношения не имеют — профиль описывает набор функций, которые камера отдаёт наружу"
      },
      {
        "correct": 1,
        "id": "q-power-1",
        "options": [
          "Камера получает питание от отдельного блока — это норма",
          "Камера не получает питание по PoE: искать причину в настройках TRASSIR рано",
          "Порт работает на скорости 10 Мбит/с",
          "Превышен суммарный PoE-бюджет коммутатора"
        ],
        "sourceMaterialId": "power-link-check",
        "text": "Порт коммутатора показывает линк, но нулевое потребление в PoE-бюджете. Что это значит?",
        "whyRight": "Линк без потребления — это устройство, которое питания не берёт. До настроек TRASSIR дело ещё не дошло",
        "whyWrong": "Превышение бюджета выключило бы порт целиком, а скорость линка потребления не касается"
      },
      {
        "correct": 0,
        "id": "q-manual-1",
        "options": [
          "Автопоиск работает широковещательным запросом, а он не проходит маршрутизатор",
          "Автопоиск ищет только камеры TRASSIR",
          "Автопоиск требует Profile T",
          "Автопоиск отключён по умолчанию с версии 4.2"
        ],
        "sourceMaterialId": "camera-manual-add",
        "text": "Камера стоит за маршрутизатором, в другой подсети. Почему автопоиск её не найдёт?",
        "whyRight": "Широковещательный запрос живёт в пределах сегмента. За маршрутизатором ручное добавление — не запасной путь, а единственный",
        "whyWrong": "Автопоиск не различает вендоров и не требует Profile T: он ограничен транспортом, а не логикой"
      },
      {
        "correct": 1,
        "id": "q-roles-1",
        "options": [
          "Ничем: права правятся после подписания акта",
          "Перечень камер в роли разойдётся с подписанным перечнем",
          "Оператор не сможет выгрузить фрагмент",
          "Система откажет в записи на резервный том"
        ],
        "sourceMaterialId": "operator-roles",
        "text": "Заказчик просит «дать оператору всё, потом разберёмся». Чем это грозит на приёмке?",
        "whyRight": "Перечень камер в роли сверяется с тем, что заказчик подписал. Расхождение — это незакрытый акт, а не мелочь",
        "whyWrong": "Права действительно правятся позже, но на приёмке сверяется не удобство, а соответствие подписанному перечню"
      },
      {
        "correct": 0,
        "id": "q-roles-2",
        "options": [
          "Просмотр живого видео и работу с архивом",
          "Просмотр и перезагрузку сервера",
          "Настройку детекторов и смену пароля",
          "Экспорт фрагмента и просмотр журнала событий"
        ],
        "sourceMaterialId": "operator-roles",
        "text": "Какие два права в TRASSIR принято разводить между рядовым оператором и старшим смены?",
        "whyRight": "Живое видео и архив — два разных права, и именно по этой границе проходит различие между сменой и старшим смены",
        "whyWrong": "Перезагрузка сервера и смена пароля — административные права, они не входят ни в одну операторскую роль"
      },
      {
        "correct": 1,
        "id": "q-motion-1",
        "options": [
          "Понизить чувствительность до минимальной",
          "Ограничить зону тем участком, где событие имеет смысл",
          "Перевести камеру в H.265",
          "Увеличить частоту кадров"
        ],
        "sourceMaterialId": "motion-detectors",
        "text": "Детектор движения настроен на всю сцену и даёт по сорок ложных срабатываний за ночь. Что менять в первую очередь?",
        "whyRight": "Зона важнее чувствительности. С ограниченной зоной средняя чувствительность работает, а дождь и ветки в кадр не попадают",
        "whyWrong": "Минимальная чувствительность на всей сцене пропустит и настоящее событие: вы уберёте срабатывания вместе с детектором"
      },
      {
        "correct": 1,
        "id": "q-redundancy-1",
        "options": [
          "Складывается с основным: глубина удваивается",
          "Не учитывается вовсе: это копия на случай отказа",
          "Учитывается наполовину",
          "Учитывается только при непрерывной записи"
        ],
        "sourceMaterialId": "record-redundancy",
        "text": "В проекте заложен резервный том. Как он учитывается в расчёте глубины архива?",
        "whyRight": "Резервирование — это копия на случай отказа, а не второй объём. В расчёт глубины резервный том не входит",
        "whyWrong": "Сложить резерв с основным объёмом значит пообещать заказчику вдвое больше, чем система отдаст"
      },
      {
        "correct": 0,
        "id": "q-export-1",
        "options": [
          "Штамп времени и идентификатор камеры",
          "Логотип интегратора",
          "Полная запись за сутки",
          "Экспорт в формате, требующем фирменного плеера"
        ],
        "sourceMaterialId": "export-fragment",
        "text": "Что обязательно должно попасть в видеофрагмент, который передают службе безопасности заказчика?",
        "whyRight": "Без штампа времени и идентификатора камеры фрагмент невозможно привязать к объекту — он теряет доказательную ценность",
        "whyWrong": "Фирменный формат несёт подпись, но без плеера его не откроют; сутки записи не читает никто"
      },
      {
        "correct": 1,
        "id": "q-handover-1",
        "options": [
          "Ни в чём: выборка репрезентативна",
          "Отказ обычно приходится на камеру, которую добавляли последней",
          "Проверка трёх каналов занимает больше времени, чем всех",
          "Выборочная проверка запрещена регламентом TRASSIR"
        ],
        "sourceMaterialId": "handover-check",
        "text": "Перед сдачей объекта на 32 камеры проверили запись выборочно, по трём каналам. В чём риск?",
        "whyRight": "Отказ почти всегда на камере, которую добавляли последней и в спешке. Выборка по трём каналам из тридцати двух её пропускает",
        "whyWrong": "Регламента, запрещающего выборку, нет — риск не в формальности, а в том, где обычно прячется отказ"
      },
      {
        "correct": 0,
        "id": "q-handover-2",
        "options": [
          "Расчёт глубины архива с исходным битрейтом",
          "Скриншот интерфейса TRASSIR",
          "Копия договора с производителем камер",
          "Отчёт о ложных срабатываниях за месяц"
        ],
        "sourceMaterialId": "handover-docs",
        "text": "Какой документ из перечисленных обязателен в пакете при сдаче объекта?",
        "whyRight": "Расчёт глубины с исходным битрейтом — единственное, чем обосновывается обещанная договором глубина архива",
        "whyWrong": "Скриншоты и договоры вендора в акт не входят: приёмка проверяет то, что подлежит сверке"
      }
    ],
    "rules": {
      "attempts": 2,
      "cooldownHours": 24,
      "minutes": 30,
      "questions": 20,
      "threshold": 16
    },
    "startedAt": "2026-09-07T18:09:44.319Z",
    "stoppedMsLeft": 1770366,
    "submitError": "Нет подключения. Ответы зафиксированы.",
    "submitting": false,
    "trajectoryId": "proekt"
  },
  "attemptStarts": {
    "proekt": [
      "35ca2928-5cf8-4599-9509-49d63c89229d"
    ]
  },
  "attempts": {},
  "certificates": [],
  "history": [
    {
      "materialId": "tender-spec",
      "openedAt": "2026-09-07T18:09:44.228Z"
    },
    {
      "materialId": "camera-manual-add",
      "openedAt": "2026-09-07T18:09:43.873Z"
    },
    {
      "materialId": "first-boot",
      "openedAt": "2026-09-07T18:09:43.478Z"
    },
    {
      "materialId": "license-scheme",
      "openedAt": "2026-09-07T18:09:42.654Z"
    },
    {
      "materialId": "archive-depth",
      "openedAt": "2026-09-07T18:08:41.061Z"
    },
    {
      "materialId": "bandwidth-check",
      "openedAt": "2026-09-07T18:08:12.313Z"
    },
    {
      "materialId": "disk-layout",
      "openedAt": "2026-09-07T18:08:11.791Z"
    },
    {
      "materialId": "disk-capacity",
      "openedAt": "2026-09-07T18:08:11.545Z"
    },
    {
      "materialId": "server-choice",
      "openedAt": "2026-09-07T18:07:54.787Z"
    },
    {
      "materialId": "camera-count",
      "openedAt": "2026-09-07T18:07:54.353Z"
    }
  ],
  "progress": {
    "proekt": {
      "cursor": 7,
      "doneUnitIds": [
        "proekt#0",
        "proekt#1",
        "proekt#2",
        "proekt#3",
        "proekt#4",
        "proekt#5",
        "proekt#6",
        "proekt#7"
      ],
      "lastActivityAt": "2026-09-07T18:09:44.228Z",
      "startedAt": "2026-09-07T18:07:54.081Z",
      "trajectoryId": "proekt"
    },
    "puskonaladka": {
      "cursor": 1,
      "doneUnitIds": [
        "puskonaladka#0"
      ],
      "lastActivityAt": "2026-09-07T18:09:43.873Z",
      "startedAt": "2026-09-07T18:09:43.437Z",
      "trajectoryId": "puskonaladka"
    }
  },
  "session": {
    "company": "ООО Учебный пример",
    "identifier": "marina.final@example.test",
    "initials": "MA",
    "level": "partner",
    "name": null
  },
  "storageError": false,
  "toasts": [],
  "verification": {
    "company": "ООО Учебный пример",
    "inn": "7812345678",
    "role": "",
    "status": "verified",
    "submittedAt": "2026-09-07T18:09:10.981Z"
  }
}

> reload
http://127.0.0.1:5174/assessment?attemptId=35ca2928-5cf8-4599-9509-49d63c89229d&lang=en

> eval ({url:location.href,lang:document.documentElement.lang,text:document.body.innerText,width:innerWidth,scroll:document.documentElement.scrollWidth,mode:document.querySelector('[data-content-mode]')?.getAttribute('data-content-mode')})
{
  "lang": "en",
  "mode": "Neutral",
  "scroll": 1440,
  "text": "MA\nAssessment · Designing a system for 64+ cameras\nQuestion\n20 / 20\n29:30 · answers locked\nAnswers not yet submitted\nNo connection. Your answers have been locked. All answers are saved in this tab and locked for editing. Submit again when the connection is restored.\nQuestion 20 of 20\nWhich of these documents is required in the site handover package?\nRecording retention calculation with the input bitrate\nA screenshot of the TRASSIR interface\nA copy of the contract with the camera manufacturer\nA report on false alarms over a month\n\nYour answers are locked. Resubmitting uses the same attempt.\n\nBack\nTry submitting again",
  "url": "http://127.0.0.1:5174/assessment?attemptId=35ca2928-5cf8-4599-9509-49d63c89229d&lang=en",
  "width": 1440
}

> errors

> snapshot -i
- generic "MAMAAssessment · Designing a system for 64+ camerasQuestion20 / 2029:30 · answers lockedAnswers not" [ref=e1] clickable [onclick]
  - button "Go to home" [ref=e2]
  - textbox "Search resources and learning paths" [ref=e4]
  - button "My learning" [ref=e3]
  - heading "Which of these documents is required in the site handover package?" [level=1, ref=e5]
  - radio "Recording retention calculation with the input bitrate" [checked=true, disabled, ref=e8]
  - radio "A screenshot of the TRASSIR interface" [checked=false, disabled, ref=e9]
  - radio "A copy of the contract with the camera manufacturer" [checked=false, disabled, ref=e10]
  - radio "A report on false alarms over a month" [checked=false, disabled, ref=e11]
  - button "Back" [ref=e6]
  - button "Try submitting again" [ref=e7]

> click @e7
✓ Done

> wait 800
✓ Done

> eval ({url:location.href,lang:document.documentElement.lang,text:document.body.innerText,width:innerWidth,scroll:document.documentElement.scrollWidth,mode:document.querySelector('[data-content-mode]')?.getAttribute('data-content-mode')})
{
  "lang": "en",
  "mode": "Neutral",
  "scroll": 1440,
  "text": "MA\nLearning path\n/\nAssessment result\n\nDesigning a system for 64+ cameras\n\nAssessment passed\n\n7 September at 21:10 · Attempt 1 of 2\n\nCorrect answers\n20\nof 20\nPass mark\nRequired: 16\n4 above the pass mark\nIncorrect: 0 ↗\nSkipped: 0 ↗\nAll 20 answers ↗\n\nDocument ready\n\nThe result is saved in this account.\n\nOpen document\nBack to learning path",
  "url": "http://127.0.0.1:5174/assessment/result?attemptId=35ca2928-5cf8-4599-9509-49d63c89229d&lang=en",
  "width": 1440
}

> errors

> eval JSON.parse(sessionStorage.getItem("learn-prototype-v1"))
{
  "activeExam": null,
  "attemptStarts": {
    "proekt": [
      "35ca2928-5cf8-4599-9509-49d63c89229d"
    ]
  },
  "attempts": {
    "proekt": [
      {
        "answers": [
          0,
          0,
          1,
          2,
          0,
          1,
          1,
          0,
          1,
          1,
          0,
          1,
          0,
          1,
          0,
          1,
          1,
          0,
          1,
          0
        ],
        "correct": 20,
        "finishedAt": "2026-09-07T18:10:13.953Z",
        "id": "35ca2928-5cf8-4599-9509-49d63c89229d",
        "ordinal": 1,
        "ownerId": "marina.final@example.test",
        "passed": true,
        "questions": [
          {
            "correct": 0,
            "id": "q-archive-1",
            "options": [
              "Retention will drop to about 20 days",
              "Retention will stay the same: TRASSIR will redistribute the bitrate",
              "The new cameras will not start recording until disk capacity is increased",
              "Retention will drop to about 10 days"
            ],
            "sourceMaterialId": "archive-depth",
            "text": "DuoStation retains 30 days of recordings from 16 cameras. The customer adds another 8 cameras with the same stream bitrate. What happens to archive retention if disk capacity stays the same?",
            "whyRight": "24 cameras instead of 16 means one and a half times the data rate. With the same disk capacity, retention drops to about 20 days",
            "whyWrong": "The stream bitrate is set by the camera and recording profile; TRASSIR does not redistribute it. Adding cameras increases the total data rate written to disk"
          },
          {
            "correct": 0,
            "id": "q-disk-1",
            "options": [
              "On a shared volume, a camera with a high bitrate pushes out other cameras' recordings",
              "TRASSIR does not support different bitrates on one volume",
              "The volume is formatted with an unsuitable file system",
              "Automatic overwriting is disabled"
            ],
            "sourceMaterialId": "disk-layout",
            "text": "All 32 cameras record to one shared volume. The camera with an 8 Mbps bitrate achieves its specified retention period, while the others retain only half the calculated period. Why?",
            "whyRight": "A shared volume is used according to actual recording, not the calculation. Assigning camera groups to separate volumes is the only way to maintain retention",
            "whyWrong": "The file system and automatic overwriting affect what happens when the volume fills up, but not which camera's footage is retained"
          },
          {
            "correct": 1,
            "id": "q-archive-2",
            "options": [
              "The disk is faulty",
              "The cameras produce a higher bitrate than the calculation assumed",
              "Automatic overwriting is disabled",
              "Retention is set as a percentage of disk space"
            ],
            "sourceMaterialId": "archive-depth",
            "text": "One day after configuration, the oldest recording is newer than the calculated date. What is the cause?",
            "whyRight": "The calculation used the specified bitrate while the cameras produce the actual bitrate. Recalculate from the actual stream",
            "whyWrong": "A faulty disk would cause recording failure, not shorter retention; without automatic overwriting, recording would simply stop"
          },
          {
            "correct": 2,
            "id": "q-count-1",
            "options": [
              "At least 25",
              "At least 125",
              "At least 250",
              "Pixel density has no effect"
            ],
            "sourceMaterialId": "camera-count",
            "text": "The customer wants to identify faces at the entrance. What minimum pixel density per metre allows this?",
            "whyRight": "Face identification starts at 250 pixels per metre. Below that, only recognition is possible",
            "whyWrong": "25 pixels per metre establish that an event occurred; 125 allow a person to be recognised as a figure"
          },
          {
            "correct": 0,
            "id": "q-server-1",
            "options": [
              "Total recording bitrate and the number of simultaneous decodes",
              "The number of switch ports",
              "The TRASSIR OS version",
              "Cable-run length"
            ],
            "sourceMaterialId": "server-choice",
            "text": "What limits a server before camera count does?",
            "whyRight": "32 cameras with four workstations load the server more than 64 with one: stream load matters, not just quantity",
            "whyWrong": "Ports and cable routes belong to the site network; the system version determines features, not the load ceiling"
          },
          {
            "correct": 1,
            "id": "q-capacity-1",
            "options": [
              "Show the total and cite your experience",
              "Bring the calculation and its input data",
              "Include twice the required reserve",
              "Refer to the equipment specification"
            ],
            "sourceMaterialId": "disk-capacity",
            "text": "What is the most reliable way to justify disk capacity to the customer?",
            "whyRight": "A line reading ‘64 cameras × 4 Mbps × 30 days’ can resolve the disagreement in a minute because it can be checked",
            "whyWrong": "The customer challenges the lack of transparency, not the capacity: a total without inputs looks like a ‘just in case’ margin"
          },
          {
            "correct": 1,
            "id": "q-bandwidth-1",
            "options": [
              "Saving recordings",
              "Remote viewing",
              "Detector operation",
              "Redundancy on a second volume"
            ],
            "sourceMaterialId": "bandwidth-check",
            "text": "Which of the following loads the site’s external link?",
            "whyRight": "Only remote viewing leaves the site, and it reaches the link’s limit when the customer opens several cameras at once",
            "whyWrong": "Recording, detectors and redundancy operate within the site and do not use the external link"
          },
          {
            "correct": 0,
            "id": "q-license-1",
            "options": [
              "Channels and modules are licensed independently",
              "Analytics is licensed by server count",
              "Analytics is included in the licence only from version 4.3",
              "The price list is updated more often than the estimate"
            ],
            "sourceMaterialId": "license-scheme",
            "text": "An estimate that includes analytics ‘as part of the channel’ does not match the price list. Why?",
            "whyRight": "These are two independent licensing dimensions. An estimate that treats them as one diverges at every review",
            "whyWrong": "Version differences and price-list updates explain an isolated discrepancy, not a recurring one"
          },
          {
            "correct": 1,
            "id": "q-tender-1",
            "options": [
              "Specify a particular model and vendor",
              "Describe the requirements: profile, bitrate, frame rate and temperature range",
              "Specify a price range",
              "Refer to the project design"
            ],
            "sourceMaterialId": "tender-spec",
            "text": "How should you describe a camera in a tender specification to prevent replacement with a cheap equivalent?",
            "whyRight": "The budget segment has no equivalent with those specifications: requirements cannot be substituted in the same way as a model name",
            "whyWrong": "Replacing a named model with an ‘equivalent’ is a standard tender procedure, not malicious intent"
          },
          {
            "correct": 1,
            "id": "q-onvif-1",
            "options": [
              "Restart the TRASSIR server and repeat device discovery",
              "Open the camera's RTSP URL in a third-party player on the same machine",
              "Change the stream profile to Profile T and add the camera again",
              "Check free space on the archive disks"
            ],
            "sourceMaterialId": "onvif-not-found",
            "text": "The camera is connected and TRASSIR detects it via ONVIF, but the stream will not open. Which check rules out a network issue fastest?",
            "whyRight": "Opening the stream in a third-party player on the same machine distinguishes a network issue from a TRASSIR issue in one step: if the stream opens, the network is not the cause",
            "whyWrong": "Restarting and changing the profile alter the system state but test nothing: you still do not know whether the stream reaches the machine"
          },
          {
            "correct": 0,
            "id": "q-onvif-2",
            "options": [
              "Profile G does not provide live video; Profile S is required",
              "Profile G requires a TRASSIR analytics license",
              "Profile G only works from TRASSIR OS version 4.3 onwards",
              "Profile G is incompatible with PoE power"
            ],
            "sourceMaterialId": "onvif-profiles",
            "text": "The manufacturer lists the camera as ONVIF-compatible, but TRASSIR cannot add it. The specifications list only Profile G. What is the reason?",
            "whyRight": "Profile G provides access to recordings ON the camera. Profile S carries live video, and without it there is no way to add the camera",
            "whyWrong": "Licensing, version and power supply are unrelated to the ONVIF profile: the profile describes the functions the camera exposes"
          },
          {
            "correct": 1,
            "id": "q-power-1",
            "options": [
              "The camera is powered by a separate power supply; this is normal",
              "The camera is not receiving PoE power: it is too early to look for the cause in TRASSIR settings",
              "The port is operating at 10 Mbps",
              "The switch's total PoE power budget has been exceeded"
            ],
            "sourceMaterialId": "power-link-check",
            "text": "The switch port shows a link, but zero power draw against the PoE budget. What does this mean?",
            "whyRight": "A link with no power draw means the device is not drawing power. It is too early to investigate TRASSIR settings",
            "whyWrong": "Exceeding the power budget would shut down the entire port, while link speed has no bearing on power draw"
          },
          {
            "correct": 0,
            "id": "q-manual-1",
            "options": [
              "Auto-discovery uses a broadcast request, which does not pass through a router",
              "Auto-discovery only finds TRASSIR cameras",
              "Auto-discovery requires Profile T",
              "Auto-discovery has been disabled by default since version 4.2"
            ],
            "sourceMaterialId": "camera-manual-add",
            "text": "The camera is behind a router, on another subnet. Why will auto-discovery not find it?",
            "whyRight": "A broadcast request stays within its network segment. For a camera behind a router, manual addition is the only option, not a fallback",
            "whyWrong": "Auto-discovery does not distinguish between vendors and does not require Profile T: its limits come from the network transport, not the application logic"
          },
          {
            "correct": 1,
            "id": "q-roles-1",
            "options": [
              "There is no risk: permissions can be changed after the acceptance report is signed",
              "The role's camera list will differ from the signed list",
              "The operator will not be able to export a clip",
              "The system will refuse to record to the redundant volume"
            ],
            "sourceMaterialId": "operator-roles",
            "text": "The customer asks you to \"give the operator access to everything; we will sort it out later.\" What risk does this create at acceptance?",
            "whyRight": "The role's camera list is checked against the list signed by the customer. A mismatch leaves the acceptance report unsigned; it is not a minor issue",
            "whyWrong": "Permissions can be changed later, but acceptance checks verify compliance with the signed list, not convenience"
          },
          {
            "correct": 0,
            "id": "q-roles-2",
            "options": [
              "Viewing live video and working with the archive",
              "Viewing video and restarting the server",
              "Configuring detectors and changing the password",
              "Exporting clips and viewing the event log"
            ],
            "sourceMaterialId": "operator-roles",
            "text": "Which two TRASSIR permissions are typically assigned separately to a regular operator and a shift supervisor?",
            "whyRight": "Live video and archive access are separate permissions. This is the dividing line between a shift operator and a shift supervisor",
            "whyWrong": "Restarting the server and changing the password are administrative permissions and do not belong to either operator role"
          },
          {
            "correct": 1,
            "id": "q-motion-1",
            "options": [
              "Reduce sensitivity to the minimum",
              "Restrict the detection area to where events matter",
              "Switch the camera to H.265",
              "Increase the frame rate"
            ],
            "sourceMaterialId": "motion-detectors",
            "text": "A motion detector covers the whole scene and generates forty false alarms per night. What should you change first?",
            "whyRight": "The detection area matters more than sensitivity. With a restricted area, medium sensitivity works, while rain and branches stay outside that area",
            "whyWrong": "Minimum sensitivity across the whole scene will also miss real events: you will eliminate triggers by effectively disabling the detector"
          },
          {
            "correct": 1,
            "id": "q-redundancy-1",
            "options": [
              "It is added to the primary capacity, doubling retention",
              "It is not counted at all: it is a copy in case of failure",
              "Half of its capacity is counted",
              "It is counted only for continuous recording"
            ],
            "sourceMaterialId": "record-redundancy",
            "text": "The system design includes a redundant volume. How is it accounted for in the archive retention calculation?",
            "whyRight": "Redundancy provides a copy in case of failure, not additional capacity. The redundant volume is excluded from the retention calculation",
            "whyWrong": "Adding redundant capacity to primary capacity means promising the customer twice what the system can deliver"
          },
          {
            "correct": 0,
            "id": "q-export-1",
            "options": [
              "A timestamp and camera identifier",
              "The integrator's logo",
              "A full day of footage",
              "An export in a format that requires a proprietary player"
            ],
            "sourceMaterialId": "export-fragment",
            "text": "What must be included in a video clip handed over to the customer's security team?",
            "whyRight": "Without a timestamp and camera identifier, the clip cannot be linked to the site and loses its value as evidence",
            "whyWrong": "The proprietary format carries a signature, but cannot be opened without its player; no one reviews a full day of footage"
          },
          {
            "correct": 1,
            "id": "q-handover-1",
            "options": [
              "There is no risk: the sample is representative",
              "The failure usually affects the camera added last",
              "Checking three channels takes longer than checking all of them",
              "TRASSIR procedures prohibit sample checks"
            ],
            "sourceMaterialId": "handover-check",
            "text": "Before site handover for a 32-camera system, recording was checked on a sample of three channels. What is the risk?",
            "whyRight": "The failure is almost always on the camera added last and in a hurry. Sampling three channels out of thirty-two misses it",
            "whyWrong": "No rule prohibits sampling. The risk is not a procedural issue, but where failures usually hide"
          },
          {
            "correct": 0,
            "id": "q-handover-2",
            "options": [
              "Recording retention calculation with the input bitrate",
              "A screenshot of the TRASSIR interface",
              "A copy of the contract with the camera manufacturer",
              "A report on false alarms over a month"
            ],
            "sourceMaterialId": "handover-docs",
            "text": "Which of these documents is required in the site handover package?",
            "whyRight": "A retention calculation using the original bitrate is the only basis for the archive retention period promised in the contract",
            "whyWrong": "Screenshots and vendor contracts are not part of the acceptance report: acceptance checks focus on items that can be verified"
          }
        ],
        "rules": {
          "attempts": 2,
          "cooldownHours": 24,
          "minutes": 30,
          "questions": 20,
          "threshold": 16
        },
        "skipped": 0,
        "startedAt": "2026-09-07T18:09:44.319Z",
        "trajectoryId": "proekt",
        "wrong": 0
      }
    ]
  },
  "certificates": [
    {
      "attemptId": "35ca2928-5cf8-4599-9509-49d63c89229d",
      "basis": "Path assessment: 20 of 20, required: 16",
      "company": "ООО Учебный пример",
      "id": "document-35ca2928-5cf8-4599-9509-49d63c89229d",
      "identifier": "TR-PR-2026-004317",
      "issuedAt": "2026-09-08T08:00:52.750Z",
      "owner": "marina.final@example.test",
      "ownerId": "marina.final@example.test",
      "title": "Designing a system for 64+ cameras",
      "trajectoryId": "proekt"
    }
  ],
  "history": [
    {
      "materialId": "tender-spec",
      "openedAt": "2026-09-07T18:09:44.228Z"
    },
    {
      "materialId": "camera-manual-add",
      "openedAt": "2026-09-07T18:09:43.873Z"
    },
    {
      "materialId": "first-boot",
      "openedAt": "2026-09-07T18:09:43.478Z"
    },
    {
      "materialId": "license-scheme",
      "openedAt": "2026-09-07T18:09:42.654Z"
    },
    {
      "materialId": "archive-depth",
      "openedAt": "2026-09-07T18:08:41.061Z"
    },
    {
      "materialId": "bandwidth-check",
      "openedAt": "2026-09-07T18:08:12.313Z"
    },
    {
      "materialId": "disk-layout",
      "openedAt": "2026-09-07T18:08:11.791Z"
    },
    {
      "materialId": "disk-capacity",
      "openedAt": "2026-09-07T18:08:11.545Z"
    },
    {
      "materialId": "server-choice",
      "openedAt": "2026-09-07T18:07:54.787Z"
    },
    {
      "materialId": "camera-count",
      "openedAt": "2026-09-07T18:07:54.353Z"
    }
  ],
  "progress": {
    "proekt": {
      "cursor": 7,
      "doneUnitIds": [
        "proekt#0",
        "proekt#1",
        "proekt#2",
        "proekt#3",
        "proekt#4",
        "proekt#5",
        "proekt#6",
        "proekt#7",
        "proekt#8"
      ],
      "lastActivityAt": "2026-09-08T08:00:52.750Z",
      "startedAt": "2026-09-07T18:07:54.081Z",
      "trajectoryId": "proekt"
    },
    "puskonaladka": {
      "cursor": 1,
      "doneUnitIds": [
        "puskonaladka#0"
      ],
      "lastActivityAt": "2026-09-07T18:09:43.873Z",
      "startedAt": "2026-09-07T18:09:43.437Z",
      "trajectoryId": "puskonaladka"
    }
  },
  "session": {
    "company": "ООО Учебный пример",
    "identifier": "marina.final@example.test",
    "initials": "MA",
    "level": "partner",
    "name": null
  },
  "storageError": false,
  "toasts": [],
  "verification": {
    "company": "ООО Учебный пример",
    "inn": "7812345678",
    "role": "",
    "status": "verified",
    "submittedAt": "2026-09-07T18:09:10.981Z"
  }
}

> reload
http://127.0.0.1:5174/assessment/result?attemptId=35ca2928-5cf8-4599-9509-49d63c89229d&lang=en

> eval JSON.parse(sessionStorage.getItem("learn-prototype-v1"))
{
  "activeExam": null,
  "attemptStarts": {
    "proekt": [
      "35ca2928-5cf8-4599-9509-49d63c89229d"
    ]
  },
  "attempts": {
    "proekt": [
      {
        "answers": [
          0,
          0,
          1,
          2,
          0,
          1,
          1,
          0,
          1,
          1,
          0,
          1,
          0,
          1,
          0,
          1,
          1,
          0,
          1,
          0
        ],
        "correct": 20,
        "finishedAt": "2026-09-07T18:10:13.953Z",
        "id": "35ca2928-5cf8-4599-9509-49d63c89229d",
        "ordinal": 1,
        "ownerId": "marina.final@example.test",
        "passed": true,
        "questions": [
          {
            "correct": 0,
            "id": "q-archive-1",
            "options": [
              "Retention will drop to about 20 days",
              "Retention will stay the same: TRASSIR will redistribute the bitrate",
              "The new cameras will not start recording until disk capacity is increased",
              "Retention will drop to about 10 days"
            ],
            "sourceMaterialId": "archive-depth",
            "text": "DuoStation retains 30 days of recordings from 16 cameras. The customer adds another 8 cameras with the same stream bitrate. What happens to archive retention if disk capacity stays the same?",
            "whyRight": "24 cameras instead of 16 means one and a half times the data rate. With the same disk capacity, retention drops to about 20 days",
            "whyWrong": "The stream bitrate is set by the camera and recording profile; TRASSIR does not redistribute it. Adding cameras increases the total data rate written to disk"
          },
          {
            "correct": 0,
            "id": "q-disk-1",
            "options": [
              "On a shared volume, a camera with a high bitrate pushes out other cameras' recordings",
              "TRASSIR does not support different bitrates on one volume",
              "The volume is formatted with an unsuitable file system",
              "Automatic overwriting is disabled"
            ],
            "sourceMaterialId": "disk-layout",
            "text": "All 32 cameras record to one shared volume. The camera with an 8 Mbps bitrate achieves its specified retention period, while the others retain only half the calculated period. Why?",
            "whyRight": "A shared volume is used according to actual recording, not the calculation. Assigning camera groups to separate volumes is the only way to maintain retention",
            "whyWrong": "The file system and automatic overwriting affect what happens when the volume fills up, but not which camera's footage is retained"
          },
          {
            "correct": 1,
            "id": "q-archive-2",
            "options": [
              "The disk is faulty",
              "The cameras produce a higher bitrate than the calculation assumed",
              "Automatic overwriting is disabled",
              "Retention is set as a percentage of disk space"
            ],
            "sourceMaterialId": "archive-depth",
            "text": "One day after configuration, the oldest recording is newer than the calculated date. What is the cause?",
            "whyRight": "The calculation used the specified bitrate while the cameras produce the actual bitrate. Recalculate from the actual stream",
            "whyWrong": "A faulty disk would cause recording failure, not shorter retention; without automatic overwriting, recording would simply stop"
          },
          {
            "correct": 2,
            "id": "q-count-1",
            "options": [
              "At least 25",
              "At least 125",
              "At least 250",
              "Pixel density has no effect"
            ],
            "sourceMaterialId": "camera-count",
            "text": "The customer wants to identify faces at the entrance. What minimum pixel density per metre allows this?",
            "whyRight": "Face identification starts at 250 pixels per metre. Below that, only recognition is possible",
            "whyWrong": "25 pixels per metre establish that an event occurred; 125 allow a person to be recognised as a figure"
          },
          {
            "correct": 0,
            "id": "q-server-1",
            "options": [
              "Total recording bitrate and the number of simultaneous decodes",
              "The number of switch ports",
              "The TRASSIR OS version",
              "Cable-run length"
            ],
            "sourceMaterialId": "server-choice",
            "text": "What limits a server before camera count does?",
            "whyRight": "32 cameras with four workstations load the server more than 64 with one: stream load matters, not just quantity",
            "whyWrong": "Ports and cable routes belong to the site network; the system version determines features, not the load ceiling"
          },
          {
            "correct": 1,
            "id": "q-capacity-1",
            "options": [
              "Show the total and cite your experience",
              "Bring the calculation and its input data",
              "Include twice the required reserve",
              "Refer to the equipment specification"
            ],
            "sourceMaterialId": "disk-capacity",
            "text": "What is the most reliable way to justify disk capacity to the customer?",
            "whyRight": "A line reading ‘64 cameras × 4 Mbps × 30 days’ can resolve the disagreement in a minute because it can be checked",
            "whyWrong": "The customer challenges the lack of transparency, not the capacity: a total without inputs looks like a ‘just in case’ margin"
          },
          {
            "correct": 1,
            "id": "q-bandwidth-1",
            "options": [
              "Saving recordings",
              "Remote viewing",
              "Detector operation",
              "Redundancy on a second volume"
            ],
            "sourceMaterialId": "bandwidth-check",
            "text": "Which of the following loads the site’s external link?",
            "whyRight": "Only remote viewing leaves the site, and it reaches the link’s limit when the customer opens several cameras at once",
            "whyWrong": "Recording, detectors and redundancy operate within the site and do not use the external link"
          },
          {
            "correct": 0,
            "id": "q-license-1",
            "options": [
              "Channels and modules are licensed independently",
              "Analytics is licensed by server count",
              "Analytics is included in the licence only from version 4.3",
              "The price list is updated more often than the estimate"
            ],
            "sourceMaterialId": "license-scheme",
            "text": "An estimate that includes analytics ‘as part of the channel’ does not match the price list. Why?",
            "whyRight": "These are two independent licensing dimensions. An estimate that treats them as one diverges at every review",
            "whyWrong": "Version differences and price-list updates explain an isolated discrepancy, not a recurring one"
          },
          {
            "correct": 1,
            "id": "q-tender-1",
            "options": [
              "Specify a particular model and vendor",
              "Describe the requirements: profile, bitrate, frame rate and temperature range",
              "Specify a price range",
              "Refer to the project design"
            ],
            "sourceMaterialId": "tender-spec",
            "text": "How should you describe a camera in a tender specification to prevent replacement with a cheap equivalent?",
            "whyRight": "The budget segment has no equivalent with those specifications: requirements cannot be substituted in the same way as a model name",
            "whyWrong": "Replacing a named model with an ‘equivalent’ is a standard tender procedure, not malicious intent"
          },
          {
            "correct": 1,
            "id": "q-onvif-1",
            "options": [
              "Restart the TRASSIR server and repeat device discovery",
              "Open the camera's RTSP URL in a third-party player on the same machine",
              "Change the stream profile to Profile T and add the camera again",
              "Check free space on the archive disks"
            ],
            "sourceMaterialId": "onvif-not-found",
            "text": "The camera is connected and TRASSIR detects it via ONVIF, but the stream will not open. Which check rules out a network issue fastest?",
            "whyRight": "Opening the stream in a third-party player on the same machine distinguishes a network issue from a TRASSIR issue in one step: if the stream opens, the network is not the cause",
            "whyWrong": "Restarting and changing the profile alter the system state but test nothing: you still do not know whether the stream reaches the machine"
          },
          {
            "correct": 0,
            "id": "q-onvif-2",
            "options": [
              "Profile G does not provide live video; Profile S is required",
              "Profile G requires a TRASSIR analytics license",
              "Profile G only works from TRASSIR OS version 4.3 onwards",
              "Profile G is incompatible with PoE power"
            ],
            "sourceMaterialId": "onvif-profiles",
            "text": "The manufacturer lists the camera as ONVIF-compatible, but TRASSIR cannot add it. The specifications list only Profile G. What is the reason?",
            "whyRight": "Profile G provides access to recordings ON the camera. Profile S carries live video, and without it there is no way to add the camera",
            "whyWrong": "Licensing, version and power supply are unrelated to the ONVIF profile: the profile describes the functions the camera exposes"
          },
          {
            "correct": 1,
            "id": "q-power-1",
            "options": [
              "The camera is powered by a separate power supply; this is normal",
              "The camera is not receiving PoE power: it is too early to look for the cause in TRASSIR settings",
              "The port is operating at 10 Mbps",
              "The switch's total PoE power budget has been exceeded"
            ],
            "sourceMaterialId": "power-link-check",
            "text": "The switch port shows a link, but zero power draw against the PoE budget. What does this mean?",
            "whyRight": "A link with no power draw means the device is not drawing power. It is too early to investigate TRASSIR settings",
            "whyWrong": "Exceeding the power budget would shut down the entire port, while link speed has no bearing on power draw"
          },
          {
            "correct": 0,
            "id": "q-manual-1",
            "options": [
              "Auto-discovery uses a broadcast request, which does not pass through a router",
              "Auto-discovery only finds TRASSIR cameras",
              "Auto-discovery requires Profile T",
              "Auto-discovery has been disabled by default since version 4.2"
            ],
            "sourceMaterialId": "camera-manual-add",
            "text": "The camera is behind a router, on another subnet. Why will auto-discovery not find it?",
            "whyRight": "A broadcast request stays within its network segment. For a camera behind a router, manual addition is the only option, not a fallback",
            "whyWrong": "Auto-discovery does not distinguish between vendors and does not require Profile T: its limits come from the network transport, not the application logic"
          },
          {
            "correct": 1,
            "id": "q-roles-1",
            "options": [
              "There is no risk: permissions can be changed after the acceptance report is signed",
              "The role's camera list will differ from the signed list",
              "The operator will not be able to export a clip",
              "The system will refuse to record to the redundant volume"
            ],
            "sourceMaterialId": "operator-roles",
            "text": "The customer asks you to \"give the operator access to everything; we will sort it out later.\" What risk does this create at acceptance?",
            "whyRight": "The role's camera list is checked against the list signed by the customer. A mismatch leaves the acceptance report unsigned; it is not a minor issue",
            "whyWrong": "Permissions can be changed later, but acceptance checks verify compliance with the signed list, not convenience"
          },
          {
            "correct": 0,
            "id": "q-roles-2",
            "options": [
              "Viewing live video and working with the archive",
              "Viewing video and restarting the server",
              "Configuring detectors and changing the password",
              "Exporting clips and viewing the event log"
            ],
            "sourceMaterialId": "operator-roles",
            "text": "Which two TRASSIR permissions are typically assigned separately to a regular operator and a shift supervisor?",
            "whyRight": "Live video and archive access are separate permissions. This is the dividing line between a shift operator and a shift supervisor",
            "whyWrong": "Restarting the server and changing the password are administrative permissions and do not belong to either operator role"
          },
          {
            "correct": 1,
            "id": "q-motion-1",
            "options": [
              "Reduce sensitivity to the minimum",
              "Restrict the detection area to where events matter",
              "Switch the camera to H.265",
              "Increase the frame rate"
            ],
            "sourceMaterialId": "motion-detectors",
            "text": "A motion detector covers the whole scene and generates forty false alarms per night. What should you change first?",
            "whyRight": "The detection area matters more than sensitivity. With a restricted area, medium sensitivity works, while rain and branches stay outside that area",
            "whyWrong": "Minimum sensitivity across the whole scene will also miss real events: you will eliminate triggers by effectively disabling the detector"
          },
          {
            "correct": 1,
            "id": "q-redundancy-1",
            "options": [
              "It is added to the primary capacity, doubling retention",
              "It is not counted at all: it is a copy in case of failure",
              "Half of its capacity is counted",
              "It is counted only for continuous recording"
            ],
            "sourceMaterialId": "record-redundancy",
            "text": "The system design includes a redundant volume. How is it accounted for in the archive retention calculation?",
            "whyRight": "Redundancy provides a copy in case of failure, not additional capacity. The redundant volume is excluded from the retention calculation",
            "whyWrong": "Adding redundant capacity to primary capacity means promising the customer twice what the system can deliver"
          },
          {
            "correct": 0,
            "id": "q-export-1",
            "options": [
              "A timestamp and camera identifier",
              "The integrator's logo",
              "A full day of footage",
              "An export in a format that requires a proprietary player"
            ],
            "sourceMaterialId": "export-fragment",
            "text": "What must be included in a video clip handed over to the customer's security team?",
            "whyRight": "Without a timestamp and camera identifier, the clip cannot be linked to the site and loses its value as evidence",
            "whyWrong": "The proprietary format carries a signature, but cannot be opened without its player; no one reviews a full day of footage"
          },
          {
            "correct": 1,
            "id": "q-handover-1",
            "options": [
              "There is no risk: the sample is representative",
              "The failure usually affects the camera added last",
              "Checking three channels takes longer than checking all of them",
              "TRASSIR procedures prohibit sample checks"
            ],
            "sourceMaterialId": "handover-check",
            "text": "Before site handover for a 32-camera system, recording was checked on a sample of three channels. What is the risk?",
            "whyRight": "The failure is almost always on the camera added last and in a hurry. Sampling three channels out of thirty-two misses it",
            "whyWrong": "No rule prohibits sampling. The risk is not a procedural issue, but where failures usually hide"
          },
          {
            "correct": 0,
            "id": "q-handover-2",
            "options": [
              "Recording retention calculation with the input bitrate",
              "A screenshot of the TRASSIR interface",
              "A copy of the contract with the camera manufacturer",
              "A report on false alarms over a month"
            ],
            "sourceMaterialId": "handover-docs",
            "text": "Which of these documents is required in the site handover package?",
            "whyRight": "A retention calculation using the original bitrate is the only basis for the archive retention period promised in the contract",
            "whyWrong": "Screenshots and vendor contracts are not part of the acceptance report: acceptance checks focus on items that can be verified"
          }
        ],
        "rules": {
          "attempts": 2,
          "cooldownHours": 24,
          "minutes": 30,
          "questions": 20,
          "threshold": 16
        },
        "skipped": 0,
        "startedAt": "2026-09-07T18:09:44.319Z",
        "trajectoryId": "proekt",
        "wrong": 0
      }
    ]
  },
  "certificates": [
    {
      "attemptId": "35ca2928-5cf8-4599-9509-49d63c89229d",
      "basis": "Path assessment: 20 of 20, required: 16",
      "company": "ООО Учебный пример",
      "id": "document-35ca2928-5cf8-4599-9509-49d63c89229d",
      "identifier": "TR-PR-2026-004317",
      "issuedAt": "2026-09-08T08:00:52.750Z",
      "owner": "marina.final@example.test",
      "ownerId": "marina.final@example.test",
      "title": "Designing a system for 64+ cameras",
      "trajectoryId": "proekt"
    }
  ],
  "history": [
    {
      "materialId": "tender-spec",
      "openedAt": "2026-09-07T18:09:44.228Z"
    },
    {
      "materialId": "camera-manual-add",
      "openedAt": "2026-09-07T18:09:43.873Z"
    },
    {
      "materialId": "first-boot",
      "openedAt": "2026-09-07T18:09:43.478Z"
    },
    {
      "materialId": "license-scheme",
      "openedAt": "2026-09-07T18:09:42.654Z"
    },
    {
      "materialId": "archive-depth",
      "openedAt": "2026-09-07T18:08:41.061Z"
    },
    {
      "materialId": "bandwidth-check",
      "openedAt": "2026-09-07T18:08:12.313Z"
    },
    {
      "materialId": "disk-layout",
      "openedAt": "2026-09-07T18:08:11.791Z"
    },
    {
      "materialId": "disk-capacity",
      "openedAt": "2026-09-07T18:08:11.545Z"
    },
    {
      "materialId": "server-choice",
      "openedAt": "2026-09-07T18:07:54.787Z"
    },
    {
      "materialId": "camera-count",
      "openedAt": "2026-09-07T18:07:54.353Z"
    }
  ],
  "progress": {
    "proekt": {
      "cursor": 7,
      "doneUnitIds": [
        "proekt#0",
        "proekt#1",
        "proekt#2",
        "proekt#3",
        "proekt#4",
        "proekt#5",
        "proekt#6",
        "proekt#7",
        "proekt#8"
      ],
      "lastActivityAt": "2026-09-08T08:00:52.750Z",
      "startedAt": "2026-09-07T18:07:54.081Z",
      "trajectoryId": "proekt"
    },
    "puskonaladka": {
      "cursor": 1,
      "doneUnitIds": [
        "puskonaladka#0"
      ],
      "lastActivityAt": "2026-09-07T18:09:43.873Z",
      "startedAt": "2026-09-07T18:09:43.437Z",
      "trajectoryId": "puskonaladka"
    }
  },
  "session": {
    "company": "ООО Учебный пример",
    "identifier": "marina.final@example.test",
    "initials": "MA",
    "level": "partner",
    "name": null
  },
  "storageError": false,
  "toasts": [],
  "verification": {
    "company": "ООО Учебный пример",
    "inn": "7812345678",
    "role": "",
    "status": "verified",
    "submittedAt": "2026-09-07T18:09:10.981Z"
  }
}

> close
✓ Browser closed
