
> open http://127.0.0.1:5174/home?lang=ru
✓ TRASSIR Learn · учебный концепт
  http://127.0.0.1:5174/home?lang=ru
[agent-browser] launched browser

> set viewport 375 1000
✓ Done

> eval (async()=>{const f=await import('/src/data/format.ts');const t=await import('/src/data/trajectories.ts');const {tr}=await import('/src/i18n/index.ts');return {day:f.formatDayYear('2026-09-07T12:00:00Z'),duration:t.humanDuration(131),timer:f.formatTimer(65000),plurals:[0,1,2,5,11,21].map(n=>[n,t.plural(n,tr('единица'),tr('единицы'),tr('единиц'))])}})()
{
  "day": "7 сентября 2026",
  "duration": "2 ч 11 мин",
  "plurals": [
    [
      0,
      "единиц"
    ],
    [
      1,
      "единица"
    ],
    [
      2,
      "единицы"
    ],
    [
      5,
      "единиц"
    ],
    [
      11,
      "единиц"
    ],
    [
      21,
      "единица"
    ]
  ],
  "timer": "01:05"
}

> eval sessionStorage.clear();sessionStorage.setItem('learn-prototype-v1',"{\"attemptStarts\":{},\"session\":{\"level\":\"authorized\",\"identifier\":\"marina.final@example.test\",\"name\":null,\"initials\":\"MA\",\"company\":null},\"verification\":null,\"history\":[{\"materialId\":\"server-choice\",\"openedAt\":\"2026-09-07T18:07:54.787Z\"}],\"progress\":{\"proekt\":{\"trajectoryId\":\"proekt\",\"doneUnitIds\":[\"proekt#0\"],\"cursor\":1,\"startedAt\":\"2026-09-07T18:07:54.081Z\",\"lastActivityAt\":\"2026-09-07T18:07:54.787Z\"}},\"attempts\":{},\"certificates\":[],\"activeExam\":null,\"toasts\":[],\"storageError\":false}");true
true

> open http://127.0.0.1:5174/my?lang=ru
✓ TRASSIR Learn · учебный концепт
  http://127.0.0.1:5174/my?lang=ru

> eval ({url:location.href,lang:document.documentElement.lang,text:document.body.innerText,width:innerWidth,scroll:document.documentElement.scrollWidth,mode:document.querySelector('[data-content-mode]')?.getAttribute('data-content-mode')})
{
  "lang": "ru",
  "mode": "Project",
  "scroll": 375,
  "text": "MA\nЛичное пространство\nМоё обучение\nИстория прочитанного · 1\nПродолжить программу\nВыбор сервера под 64+ камеры\n\nПроектирование системы на 64+ камеры\n\n8 единиц осталось · открыть состав\nПродолжить\nОсвоение · чтение\n1\nматериал прочитан\nNeuroStation\n1 →\nДопуск · завершение программы\n1 из 9\nединиц завершено\nПроектирование системы на 64+ камеры\n\nОстаток и состояние каждой единицы — в составе программы.\n\nЧтение пополняет освоение. Допуск — завершённые единицы программы. Это две разные шкалы.\n\nПрограммы в работе · 1\nПроектирование системы на 64+ камеры\n1 из 9 единиц завершено\nПродолжение показано выше\nНедавно открывали\nНайти\nВыбор сервера под 64+ камеры\nNeuroStation\nОткрыт 7 сентября\nВся история · 1\nРезультаты зачётов · 0\n\nРезультат появится после отправки попытки.\n\nКомпания\nНе подтверждена\nОткрыть статус компании\n\nПодтверждение нужно для полного партнёрского материала и зачёта. Проверка в концепте демонстрационная.\n\nДокументы · 0\n\nДокумент появится после успешного зачёта. Выбрать программу\n\nИменной документ сотрудника с указанием компании. Результат самостоятельного концепта, без официальной действительности.\n\nКвалификация: 0 из 7 программ\n\nИстория, прогресс и документы сохраняются в этой вкладке, в том числе после выхода и повторного входа. Между устройствами данные не переносятся.\n\nВыйти из аккаунта\nО ПЛАТФОРМЕ\nКак устроено обучение\nСертификация партнёров\nКонтакты\nПРОДУКТЫ TRASSIR\nTRASSIR OS\nDuoStation\nЛинейка камер\nВидеоаналитика\nПОДДЕРЖКА\nБаза знаний\nЗапрос в поддержку\nСтатус сервисов\nDSSL · TRASSIR Learn — учебная платформа для партнёров",
  "url": "http://127.0.0.1:5174/my?lang=ru",
  "width": 375
}

> errors

> eval sessionStorage.clear();sessionStorage.setItem('learn-prototype-v1',"{\"attemptStarts\":{\"proekt\":[\"094a36c4-e362-4c55-8ec6-1d388328e033\"]},\"session\":{\"level\":\"partner\",\"identifier\":\"marina.final@example.test\",\"name\":null,\"initials\":\"MA\",\"company\":\"ООО Учебный пример\"},\"verification\":{\"company\":\"ООО Учебный пример\",\"inn\":\"7812345678\",\"role\":\"\",\"submittedAt\":\"2026-09-07T18:09:10.981Z\",\"status\":\"verified\"},\"history\":[{\"materialId\":\"tender-spec\",\"openedAt\":\"2026-09-07T18:09:43.009Z\"},{\"materialId\":\"license-scheme\",\"openedAt\":\"2026-09-07T18:09:42.654Z\"},{\"materialId\":\"archive-depth\",\"openedAt\":\"2026-09-07T18:08:41.061Z\"},{\"materialId\":\"bandwidth-check\",\"openedAt\":\"2026-09-07T18:08:12.313Z\"},{\"materialId\":\"disk-layout\",\"openedAt\":\"2026-09-07T18:08:11.791Z\"},{\"materialId\":\"disk-capacity\",\"openedAt\":\"2026-09-07T18:08:11.545Z\"},{\"materialId\":\"server-choice\",\"openedAt\":\"2026-09-07T18:07:54.787Z\"},{\"materialId\":\"camera-count\",\"openedAt\":\"2026-09-07T18:07:54.353Z\"}],\"progress\":{\"proekt\":{\"trajectoryId\":\"proekt\",\"doneUnitIds\":[\"proekt#0\",\"proekt#1\",\"proekt#2\",\"proekt#3\",\"proekt#4\",\"proekt#5\",\"proekt#6\",\"proekt#7\"],\"cursor\":7,\"startedAt\":\"2026-09-07T18:07:54.081Z\",\"lastActivityAt\":\"2026-09-07T18:09:43.229Z\"}},\"attempts\":{\"proekt\":[{\"id\":\"094a36c4-e362-4c55-8ec6-1d388328e033\",\"ownerId\":\"marina.final@example.test\",\"ordinal\":1,\"trajectoryId\":\"proekt\",\"startedAt\":\"2026-09-07T18:21:43.383Z\",\"finishedAt\":\"2026-09-07T18:21:43.588Z\",\"rules\":{\"questions\":20,\"threshold\":16,\"attempts\":2,\"minutes\":30,\"cooldownHours\":24},\"questions\":[{\"id\":\"q-archive-1\",\"text\":\"DuoStation пишет архив 30 суток при 16 камерах. Заказчик добавляет ещё 8 камер того же потока. Что произойдёт с глубиной архива, если объём диска не менять?\",\"options\":[\"Глубина уменьшится примерно до 20 суток\",\"Глубина не изменится — TRASSIR перераспределит битрейт\",\"Запись новых камер не начнётся, пока не увеличить диск\",\"Глубина уменьшится примерно до 10 суток\"],\"correct\":0,\"whyWrong\":\"Битрейт потока задаётся камерой и профилем записи; TRASSIR его не перераспределяет. Добавление камер увеличивает суммарный поток на диск\",\"whyRight\":\"24 камеры вместо 16 — это в полтора раза больший поток. При том же объёме диска глубина падает примерно до 20 суток\",\"sourceMaterialId\":\"archive-depth\"},{\"id\":\"q-disk-1\",\"text\":\"Все 32 камеры пишут на один общий том. Камера с битрейтом 8 Мбит/с даёт паспортную глубину, у остальных глубина вдвое ниже расчётной. Почему?\",\"options\":[\"На общем томе камера с высоким битрейтом вытесняет соседей\",\"TRASSIR не поддерживает разные битрейты на одном томе\",\"Том отформатирован в неподходящей файловой системе\",\"Не включено автозатирание\"],\"correct\":0,\"whyWrong\":\"Файловая система и автозатирание влияют на поведение при переполнении, но не на то, чья запись останется\",\"whyRight\":\"Общий том делится по факту записи, а не по расчёту. Разведение камер по томам группами — единственный способ удержать глубину\",\"sourceMaterialId\":\"disk-layout\"},{\"id\":\"q-archive-2\",\"text\":\"Через сутки после настройки самая старая запись оказалась новее расчётной даты. В чём причина?\",\"options\":[\"Диск неисправен\",\"Камеры отдают больший битрейт, чем заложено в расчёт\",\"Не включено автозатирание\",\"Глубина задана в процентах диска\"],\"correct\":1,\"whyWrong\":\"Неисправный диск дал бы отказ записи, а не более короткую глубину; без автозатирания запись просто остановилась бы\",\"whyRight\":\"Расчёт делали по паспортному битрейту, а камеры отдают фактический. Пересчитывать надо по фактическому потоку\",\"sourceMaterialId\":\"archive-depth\"},{\"id\":\"q-count-1\",\"text\":\"Заказчик хочет различать лица на входе. От какой плотности пикселей на метр это возможно?\",\"options\":[\"От 25\",\"От 125\",\"От 250\",\"Плотность на это не влияет\"],\"correct\":2,\"whyWrong\":\"25 пикселей на метр дают только факт события, 125 — распознавание человека как фигуры\",\"whyRight\":\"Идентификация лица начинается от 250 пикселей на метр. Ниже — только распознавание\",\"sourceMaterialId\":\"camera-count\"},{\"id\":\"q-server-1\",\"text\":\"Во что упирается сервер раньше, чем в число камер?\",\"options\":[\"В суммарный битрейт записи и число одновременных декодирований\",\"В число портов коммутатора\",\"В версию TRASSIR OS\",\"В длину кабельных трасс\"],\"correct\":0,\"whyWrong\":\"Порты и трассы — это сеть объекта; версия системы задаёт функции, а не потолок нагрузки\",\"whyRight\":\"32 камеры с четырьмя рабочими местами нагружают сервер сильнее, чем 64 с одним: считается поток, а не количество\",\"sourceMaterialId\":\"server-choice\"},{\"id\":\"q-capacity-1\",\"text\":\"Как надёжнее всего защитить объём дисков перед заказчиком?\",\"options\":[\"Показать итоговую цифру со ссылкой на опыт\",\"Принести расчёт с исходными данными\",\"Заложить двойной запас\",\"Сослаться на паспорт оборудования\"],\"correct\":1,\"whyWrong\":\"Заказчик оспаривает не объём, а непрозрачность: итог без исходных данных выглядит как запас «на всякий случай»\",\"whyRight\":\"Строка «64 камеры × 4 Мбит/с × 30 суток» снимает спор за минуту — потому что её можно проверить\",\"sourceMaterialId\":\"disk-capacity\"},{\"id\":\"q-bandwidth-1\",\"text\":\"Что из перечисленного нагружает канал наружу с объекта?\",\"options\":[\"Запись архива\",\"Удалённый просмотр\",\"Работа детекторов\",\"Резервирование на второй том\"],\"correct\":1,\"whyWrong\":\"Запись, детекторы и резервирование живут внутри объекта и канал наружу не трогают\",\"whyRight\":\"Наружу уходит только удалённый просмотр — и упирается в канал он ровно тогда, когда заказчик открывает несколько камер сразу\",\"sourceMaterialId\":\"bandwidth-check\"},{\"id\":\"q-license-1\",\"text\":\"Смета, где аналитика посчитана «в составе канала», расходится с прайсом. Почему?\",\"options\":[\"Каналы и модули лицензируются независимо\",\"Аналитика лицензируется по числу серверов\",\"Аналитика входит в лицензию только с версии 4.3\",\"Прайс обновляется чаще сметы\"],\"correct\":0,\"whyWrong\":\"Версия и частота обновления прайса объясняют разовое расхождение, но не системное\",\"whyRight\":\"Это две независимые оси лицензирования. Смета, считающая их одной, расходится на каждом согласовании\",\"sourceMaterialId\":\"license-scheme\"},{\"id\":\"q-tender-1\",\"text\":\"Как описать камеру в тендерной спецификации, чтобы её не заменили дешёвым эквивалентом?\",\"options\":[\"Указать конкретную модель и вендора\",\"Описать требования: профиль, битрейт, частоту, температурный диапазон\",\"Указать диапазон цены\",\"Сослаться на проект\"],\"correct\":1,\"whyWrong\":\"Строка с моделью заменяется «эквивалентом» на торгах — это стандартная процедура, а не злой умысел\",\"whyRight\":\"Эквивалента с такими параметрами в дешёвом сегменте нет: требования заменить нечем, в отличие от названия модели\",\"sourceMaterialId\":\"tender-spec\"},{\"id\":\"q-onvif-1\",\"text\":\"Камера подключена, TRASSIR видит её по ONVIF, но поток не открывается. Какая проверка исключает причину на стороне сети быстрее всего?\",\"options\":[\"Перезагрузить сервер TRASSIR и повторить поиск устройств\",\"Открыть RTSP-строку камеры сторонним плеером с той же машины\",\"Сменить профиль потока на Profile T и добавить камеру заново\",\"Проверить свободное место на дисках архива\"],\"correct\":1,\"whyWrong\":\"Перезагрузка и смена профиля меняют состояние системы, но ничего не проверяют: после них вы всё ещё не знаете, доходит ли поток до машины\",\"whyRight\":\"Сторонний плеер с той же машины отделяет сеть от TRASSIR за одну операцию: если поток открылся, сеть ни при чём\",\"sourceMaterialId\":\"onvif-not-found\"},{\"id\":\"q-onvif-2\",\"text\":\"Камера заявлена производителем как ONVIF-совместимая, но TRASSIR её не добавляет. В паспорте указан только Profile G. В чём причина?\",\"options\":[\"Profile G не даёт живое видео — нужен Profile S\",\"Profile G требует лицензии TRASSIR на аналитику\",\"Profile G работает только с версии TRASSIR OS 4.3\",\"Profile G несовместим с PoE-питанием\"],\"correct\":0,\"whyWrong\":\"Ни лицензия, ни версия, ни питание к профилю ONVIF отношения не имеют — профиль описывает набор функций, которые камера отдаёт наружу\",\"whyRight\":\"Profile G — это работа с архивом НА камере. Живое видео несёт Profile S, и без него добавить камеру нечем\",\"sourceMaterialId\":\"onvif-profiles\"},{\"id\":\"q-power-1\",\"text\":\"Порт коммутатора показывает линк, но нулевое потребление в PoE-бюджете. Что это значит?\",\"options\":[\"Камера получает питание от отдельного блока — это норма\",\"Камера не получает питание по PoE: искать причину в настройках TRASSIR рано\",\"Порт работает на скорости 10 Мбит/с\",\"Превышен суммарный PoE-бюджет коммутатора\"],\"correct\":1,\"whyWrong\":\"Превышение бюджета выключило бы порт целиком, а скорость линка потребления не касается\",\"whyRight\":\"Линк без потребления — это устройство, которое питания не берёт. До настроек TRASSIR дело ещё не дошло\",\"sourceMaterialId\":\"power-link-check\"},{\"id\":\"q-manual-1\",\"text\":\"Камера стоит за маршрутизатором, в другой подсети. Почему автопоиск её не найдёт?\",\"options\":[\"Автопоиск работает широковещательным запросом, а он не проходит маршрутизатор\",\"Автопоиск ищет только камеры TRASSIR\",\"Автопоиск требует Profile T\",\"Автопоиск отключён по умолчанию с версии 4.2\"],\"correct\":0,\"whyWrong\":\"Автопоиск не различает вендоров и не требует Profile T: он ограничен транспортом, а не логикой\",\"whyRight\":\"Широковещательный запрос живёт в пределах сегмента. За маршрутизатором ручное добавление — не запасной путь, а единственный\",\"sourceMaterialId\":\"camera-manual-add\"},{\"id\":\"q-roles-1\",\"text\":\"Заказчик просит «дать оператору всё, потом разберёмся». Чем это грозит на приёмке?\",\"options\":[\"Ничем: права правятся после подписания акта\",\"Перечень камер в роли разойдётся с подписанным перечнем\",\"Оператор не сможет выгрузить фрагмент\",\"Система откажет в записи на резервный том\"],\"correct\":1,\"whyWrong\":\"Права действительно правятся позже, но на приёмке сверяется не удобство, а соответствие подписанному перечню\",\"whyRight\":\"Перечень камер в роли сверяется с тем, что заказчик подписал. Расхождение — это незакрытый акт, а не мелочь\",\"sourceMaterialId\":\"operator-roles\"},{\"id\":\"q-roles-2\",\"text\":\"Какие два права в TRASSIR принято разводить между рядовым оператором и старшим смены?\",\"options\":[\"Просмотр живого видео и работу с архивом\",\"Просмотр и перезагрузку сервера\",\"Настройку детекторов и смену пароля\",\"Экспорт фрагмента и просмотр журнала событий\"],\"correct\":0,\"whyWrong\":\"Перезагрузка сервера и смена пароля — административные права, они не входят ни в одну операторскую роль\",\"whyRight\":\"Живое видео и архив — два разных права, и именно по этой границе проходит различие между сменой и старшим смены\",\"sourceMaterialId\":\"operator-roles\"},{\"id\":\"q-motion-1\",\"text\":\"Детектор движения настроен на всю сцену и даёт по сорок ложных срабатываний за ночь. Что менять в первую очередь?\",\"options\":[\"Понизить чувствительность до минимальной\",\"Ограничить зону тем участком, где событие имеет смысл\",\"Перевести камеру в H.265\",\"Увеличить частоту кадров\"],\"correct\":1,\"whyWrong\":\"Минимальная чувствительность на всей сцене пропустит и настоящее событие: вы уберёте срабатывания вместе с детектором\",\"whyRight\":\"Зона важнее чувствительности. С ограниченной зоной средняя чувствительность работает, а дождь и ветки в кадр не попадают\",\"sourceMaterialId\":\"motion-detectors\"},{\"id\":\"q-redundancy-1\",\"text\":\"В проекте заложен резервный том. Как он учитывается в расчёте глубины архива?\",\"options\":[\"Складывается с основным: глубина удваивается\",\"Не учитывается вовсе: это копия на случай отказа\",\"Учитывается наполовину\",\"Учитывается только при непрерывной записи\"],\"correct\":1,\"whyWrong\":\"Сложить резерв с основным объёмом значит пообещать заказчику вдвое больше, чем система отдаст\",\"whyRight\":\"Резервирование — это копия на случай отказа, а не второй объём. В расчёт глубины резервный том не входит\",\"sourceMaterialId\":\"record-redundancy\"},{\"id\":\"q-export-1\",\"text\":\"Что обязательно должно попасть в видеофрагмент, который передают службе безопасности заказчика?\",\"options\":[\"Штамп времени и идентификатор камеры\",\"Логотип интегратора\",\"Полная запись за сутки\",\"Экспорт в формате, требующем фирменного плеера\"],\"correct\":0,\"whyWrong\":\"Фирменный формат несёт подпись, но без плеера его не откроют; сутки записи не читает никто\",\"whyRight\":\"Без штампа времени и идентификатора камеры фрагмент невозможно привязать к объекту — он теряет доказательную ценность\",\"sourceMaterialId\":\"export-fragment\"},{\"id\":\"q-handover-1\",\"text\":\"Перед сдачей объекта на 32 камеры проверили запись выборочно, по трём каналам. В чём риск?\",\"options\":[\"Ни в чём: выборка репрезентативна\",\"Отказ обычно приходится на камеру, которую добавляли последней\",\"Проверка трёх каналов занимает больше времени, чем всех\",\"Выборочная проверка запрещена регламентом TRASSIR\"],\"correct\":1,\"whyWrong\":\"Регламента, запрещающего выборку, нет — риск не в формальности, а в том, где обычно прячется отказ\",\"whyRight\":\"Отказ почти всегда на камере, которую добавляли последней и в спешке. Выборка по трём каналам из тридцати двух её пропускает\",\"sourceMaterialId\":\"handover-check\"},{\"id\":\"q-handover-2\",\"text\":\"Какой документ из перечисленных обязателен в пакете при сдаче объекта?\",\"options\":[\"Расчёт глубины архива с исходным битрейтом\",\"Скриншот интерфейса TRASSIR\",\"Копия договора с производителем камер\",\"Отчёт о ложных срабатываниях за месяц\"],\"correct\":0,\"whyWrong\":\"Скриншоты и договоры вендора в акт не входят: приёмка проверяет то, что подлежит сверке\",\"whyRight\":\"Расчёт глубины с исходным битрейтом — единственное, чем обосновывается обещанная договором глубина архива\",\"sourceMaterialId\":\"handover-docs\"}],\"answers\":[1,null,null,null,null,null,null,null,null,null,null,null,null,null,null,null,null,null,null,null],\"correct\":0,\"wrong\":1,\"skipped\":19,\"passed\":false}]},\"certificates\":[],\"activeExam\":null,\"toasts\":[],\"storageError\":false}");true
true

> open http://127.0.0.1:5174/home?lang=ru
✓ TRASSIR Learn · учебный концепт
  http://127.0.0.1:5174/home?lang=ru

> open http://127.0.0.1:5174/assessment/result?attemptId=094a36c4-e362-4c55-8ec6-1d388328e033&lang=ru
✓ TRASSIR Learn · учебный концепт
  http://127.0.0.1:5174/assessment/result?attemptId=094a36c4-e362-4c55-8ec6-1d388328e033&lang=ru

> eval ({url:location.href,lang:document.documentElement.lang,text:document.body.innerText,width:innerWidth,scroll:document.documentElement.scrollWidth,mode:document.querySelector('[data-content-mode]')?.getAttribute('data-content-mode')})
{
  "lang": "ru",
  "mode": "Neutral",
  "scroll": 375,
  "text": "MA\nПрограмма\n/\nРезультат зачёта\n\nПроектирование системы на 64+ камеры\n\nЗачёт не пройден\n\n7 сентября в 21:21 · Попытка 1 из 2\n\nВерные ответы\n0\nиз 20\nПорог прохождения\nНужно 16\nНе хватило 16 ответов\nНеверно 1 ↗\nПропущено 19 ↗\nВсе 20 ответов ↗\n\nСледующая попытка — 8 сентября в 21:21\n\nОсталось попыток: 1. Завершённые единицы сохраняются.\n\nОткрыть тренировку\nЧто повторить\n\n1 неверных и 19 пропущенных ответов · источников: 18. Пропуск не означает ошибку в теме.\n\nНастройка глубины архива на DuoStation\nTRASSIR OS 4.3\nНеверно 1\nПропущено 1\nРаспределение архива по дискам\nTRASSIR OS 4.3\nПропущено 1\nРасчёт числа камер и зон покрытия\nОборудование\nПропущено 1\nВыбор сервера под 64+ камеры\nNeuroStation\nПропущено 1\nРасчёт дисковой ёмкости под 64 камеры\nОборудование\nПропущено 1\nПроверка пропускной способности до объекта\nTRASSIR OS 4.1\nПропущено 1\nСхема лицензий TRASSIR под проект\nTRASSIR OS 4.3\nПропущено 1\nСпецификация оборудования для тендера\nОборудование\nПропущено 1\nTRASSIR не видит камеру по ONVIF: порядок проверки\nTRASSIR OS 4.3\nПропущено 1\nONVIF-профили S, T и G: что поддерживает TRASSIR\nTRASSIR OS 4.3\nПропущено 1\nПроверка питания и линка камеры\nОборудование\nПропущено 1\nДобавление IP-камеры вручную\nTRASSIR OS 4.2\nПропущено 1\nПрава доступа операторов\nTRASSIR OS 4.3\nПропущено 2\nНастройка детекторов движения\nTRASSIR OS 4.3\nПропущено 1\nРезервирование записи\nTRASSIR OS 4.3\nПропущено 1\nЭкспорт видеофрагмента для передачи заказчику\nTRASSIR OS 4.3\nПропущено 1\nПроверка записи по всем каналам перед сдачей\nTRASSIR OS 4.3\nПропущено 1\nПакет документов для сдачи объекта\nОборудование\nПропущено 1\nВернуться к программе",
  "url": "http://127.0.0.1:5174/assessment/result?attemptId=094a36c4-e362-4c55-8ec6-1d388328e033&lang=ru",
  "width": 375
}

> errors

> eval JSON.parse(sessionStorage.getItem("learn-prototype-v1"))
{
  "activeExam": null,
  "attemptStarts": {
    "proekt": [
      "094a36c4-e362-4c55-8ec6-1d388328e033"
    ]
  },
  "attempts": {
    "proekt": [
      {
        "answers": [
          1,
          null,
          null,
          null,
          null,
          null,
          null,
          null,
          null,
          null,
          null,
          null,
          null,
          null,
          null,
          null,
          null,
          null,
          null,
          null
        ],
        "correct": 0,
        "finishedAt": "2026-09-07T18:21:43.588Z",
        "id": "094a36c4-e362-4c55-8ec6-1d388328e033",
        "ordinal": 1,
        "ownerId": "marina.final@example.test",
        "passed": false,
        "questions": [
          {
            "correct": 0,
            "id": "q-archive-1",
            "options": [
              "Глубина уменьшится примерно до 20 суток",
              "Глубина не изменится — TRASSIR перераспределит битрейт",
              "Запись новых камер не начнётся, пока не увеличить диск",
              "Глубина уменьшится примерно до 10 суток"
            ],
            "sourceMaterialId": "archive-depth",
            "text": "DuoStation пишет архив 30 суток при 16 камерах. Заказчик добавляет ещё 8 камер того же потока. Что произойдёт с глубиной архива, если объём диска не менять?",
            "whyRight": "24 камеры вместо 16 — это в полтора раза больший поток. При том же объёме диска глубина падает примерно до 20 суток",
            "whyWrong": "Битрейт потока задаётся камерой и профилем записи; TRASSIR его не перераспределяет. Добавление камер увеличивает суммарный поток на диск"
          },
          {
            "correct": 0,
            "id": "q-disk-1",
            "options": [
              "На общем томе камера с высоким битрейтом вытесняет соседей",
              "TRASSIR не поддерживает разные битрейты на одном томе",
              "Том отформатирован в неподходящей файловой системе",
              "Не включено автозатирание"
            ],
            "sourceMaterialId": "disk-layout",
            "text": "Все 32 камеры пишут на один общий том. Камера с битрейтом 8 Мбит/с даёт паспортную глубину, у остальных глубина вдвое ниже расчётной. Почему?",
            "whyRight": "Общий том делится по факту записи, а не по расчёту. Разведение камер по томам группами — единственный способ удержать глубину",
            "whyWrong": "Файловая система и автозатирание влияют на поведение при переполнении, но не на то, чья запись останется"
          },
          {
            "correct": 1,
            "id": "q-archive-2",
            "options": [
              "Диск неисправен",
              "Камеры отдают больший битрейт, чем заложено в расчёт",
              "Не включено автозатирание",
              "Глубина задана в процентах диска"
            ],
            "sourceMaterialId": "archive-depth",
            "text": "Через сутки после настройки самая старая запись оказалась новее расчётной даты. В чём причина?",
            "whyRight": "Расчёт делали по паспортному битрейту, а камеры отдают фактический. Пересчитывать надо по фактическому потоку",
            "whyWrong": "Неисправный диск дал бы отказ записи, а не более короткую глубину; без автозатирания запись просто остановилась бы"
          },
          {
            "correct": 2,
            "id": "q-count-1",
            "options": [
              "От 25",
              "От 125",
              "От 250",
              "Плотность на это не влияет"
            ],
            "sourceMaterialId": "camera-count",
            "text": "Заказчик хочет различать лица на входе. От какой плотности пикселей на метр это возможно?",
            "whyRight": "Идентификация лица начинается от 250 пикселей на метр. Ниже — только распознавание",
            "whyWrong": "25 пикселей на метр дают только факт события, 125 — распознавание человека как фигуры"
          },
          {
            "correct": 0,
            "id": "q-server-1",
            "options": [
              "В суммарный битрейт записи и число одновременных декодирований",
              "В число портов коммутатора",
              "В версию TRASSIR OS",
              "В длину кабельных трасс"
            ],
            "sourceMaterialId": "server-choice",
            "text": "Во что упирается сервер раньше, чем в число камер?",
            "whyRight": "32 камеры с четырьмя рабочими местами нагружают сервер сильнее, чем 64 с одним: считается поток, а не количество",
            "whyWrong": "Порты и трассы — это сеть объекта; версия системы задаёт функции, а не потолок нагрузки"
          },
          {
            "correct": 1,
            "id": "q-capacity-1",
            "options": [
              "Показать итоговую цифру со ссылкой на опыт",
              "Принести расчёт с исходными данными",
              "Заложить двойной запас",
              "Сослаться на паспорт оборудования"
            ],
            "sourceMaterialId": "disk-capacity",
            "text": "Как надёжнее всего защитить объём дисков перед заказчиком?",
            "whyRight": "Строка «64 камеры × 4 Мбит/с × 30 суток» снимает спор за минуту — потому что её можно проверить",
            "whyWrong": "Заказчик оспаривает не объём, а непрозрачность: итог без исходных данных выглядит как запас «на всякий случай»"
          },
          {
            "correct": 1,
            "id": "q-bandwidth-1",
            "options": [
              "Запись архива",
              "Удалённый просмотр",
              "Работа детекторов",
              "Резервирование на второй том"
            ],
            "sourceMaterialId": "bandwidth-check",
            "text": "Что из перечисленного нагружает канал наружу с объекта?",
            "whyRight": "Наружу уходит только удалённый просмотр — и упирается в канал он ровно тогда, когда заказчик открывает несколько камер сразу",
            "whyWrong": "Запись, детекторы и резервирование живут внутри объекта и канал наружу не трогают"
          },
          {
            "correct": 0,
            "id": "q-license-1",
            "options": [
              "Каналы и модули лицензируются независимо",
              "Аналитика лицензируется по числу серверов",
              "Аналитика входит в лицензию только с версии 4.3",
              "Прайс обновляется чаще сметы"
            ],
            "sourceMaterialId": "license-scheme",
            "text": "Смета, где аналитика посчитана «в составе канала», расходится с прайсом. Почему?",
            "whyRight": "Это две независимые оси лицензирования. Смета, считающая их одной, расходится на каждом согласовании",
            "whyWrong": "Версия и частота обновления прайса объясняют разовое расхождение, но не системное"
          },
          {
            "correct": 1,
            "id": "q-tender-1",
            "options": [
              "Указать конкретную модель и вендора",
              "Описать требования: профиль, битрейт, частоту, температурный диапазон",
              "Указать диапазон цены",
              "Сослаться на проект"
            ],
            "sourceMaterialId": "tender-spec",
            "text": "Как описать камеру в тендерной спецификации, чтобы её не заменили дешёвым эквивалентом?",
            "whyRight": "Эквивалента с такими параметрами в дешёвом сегменте нет: требования заменить нечем, в отличие от названия модели",
            "whyWrong": "Строка с моделью заменяется «эквивалентом» на торгах — это стандартная процедура, а не злой умысел"
          },
          {
            "correct": 1,
            "id": "q-onvif-1",
            "options": [
              "Перезагрузить сервер TRASSIR и повторить поиск устройств",
              "Открыть RTSP-строку камеры сторонним плеером с той же машины",
              "Сменить профиль потока на Profile T и добавить камеру заново",
              "Проверить свободное место на дисках архива"
            ],
            "sourceMaterialId": "onvif-not-found",
            "text": "Камера подключена, TRASSIR видит её по ONVIF, но поток не открывается. Какая проверка исключает причину на стороне сети быстрее всего?",
            "whyRight": "Сторонний плеер с той же машины отделяет сеть от TRASSIR за одну операцию: если поток открылся, сеть ни при чём",
            "whyWrong": "Перезагрузка и смена профиля меняют состояние системы, но ничего не проверяют: после них вы всё ещё не знаете, доходит ли поток до машины"
          },
          {
            "correct": 0,
            "id": "q-onvif-2",
            "options": [
              "Profile G не даёт живое видео — нужен Profile S",
              "Profile G требует лицензии TRASSIR на аналитику",
              "Profile G работает только с версии TRASSIR OS 4.3",
              "Profile G несовместим с PoE-питанием"
            ],
            "sourceMaterialId": "onvif-profiles",
            "text": "Камера заявлена производителем как ONVIF-совместимая, но TRASSIR её не добавляет. В паспорте указан только Profile G. В чём причина?",
            "whyRight": "Profile G — это работа с архивом НА камере. Живое видео несёт Profile S, и без него добавить камеру нечем",
            "whyWrong": "Ни лицензия, ни версия, ни питание к профилю ONVIF отношения не имеют — профиль описывает набор функций, которые камера отдаёт наружу"
          },
          {
            "correct": 1,
            "id": "q-power-1",
            "options": [
              "Камера получает питание от отдельного блока — это норма",
              "Камера не получает питание по PoE: искать причину в настройках TRASSIR рано",
              "Порт работает на скорости 10 Мбит/с",
              "Превышен суммарный PoE-бюджет коммутатора"
            ],
            "sourceMaterialId": "power-link-check",
            "text": "Порт коммутатора показывает линк, но нулевое потребление в PoE-бюджете. Что это значит?",
            "whyRight": "Линк без потребления — это устройство, которое питания не берёт. До настроек TRASSIR дело ещё не дошло",
            "whyWrong": "Превышение бюджета выключило бы порт целиком, а скорость линка потребления не касается"
          },
          {
            "correct": 0,
            "id": "q-manual-1",
            "options": [
              "Автопоиск работает широковещательным запросом, а он не проходит маршрутизатор",
              "Автопоиск ищет только камеры TRASSIR",
              "Автопоиск требует Profile T",
              "Автопоиск отключён по умолчанию с версии 4.2"
            ],
            "sourceMaterialId": "camera-manual-add",
            "text": "Камера стоит за маршрутизатором, в другой подсети. Почему автопоиск её не найдёт?",
            "whyRight": "Широковещательный запрос живёт в пределах сегмента. За маршрутизатором ручное добавление — не запасной путь, а единственный",
            "whyWrong": "Автопоиск не различает вендоров и не требует Profile T: он ограничен транспортом, а не логикой"
          },
          {
            "correct": 1,
            "id": "q-roles-1",
            "options": [
              "Ничем: права правятся после подписания акта",
              "Перечень камер в роли разойдётся с подписанным перечнем",
              "Оператор не сможет выгрузить фрагмент",
              "Система откажет в записи на резервный том"
            ],
            "sourceMaterialId": "operator-roles",
            "text": "Заказчик просит «дать оператору всё, потом разберёмся». Чем это грозит на приёмке?",
            "whyRight": "Перечень камер в роли сверяется с тем, что заказчик подписал. Расхождение — это незакрытый акт, а не мелочь",
            "whyWrong": "Права действительно правятся позже, но на приёмке сверяется не удобство, а соответствие подписанному перечню"
          },
          {
            "correct": 0,
            "id": "q-roles-2",
            "options": [
              "Просмотр живого видео и работу с архивом",
              "Просмотр и перезагрузку сервера",
              "Настройку детекторов и смену пароля",
              "Экспорт фрагмента и просмотр журнала событий"
            ],
            "sourceMaterialId": "operator-roles",
            "text": "Какие два права в TRASSIR принято разводить между рядовым оператором и старшим смены?",
            "whyRight": "Живое видео и архив — два разных права, и именно по этой границе проходит различие между сменой и старшим смены",
            "whyWrong": "Перезагрузка сервера и смена пароля — административные права, они не входят ни в одну операторскую роль"
          },
          {
            "correct": 1,
            "id": "q-motion-1",
            "options": [
              "Понизить чувствительность до минимальной",
              "Ограничить зону тем участком, где событие имеет смысл",
              "Перевести камеру в H.265",
              "Увеличить частоту кадров"
            ],
            "sourceMaterialId": "motion-detectors",
            "text": "Детектор движения настроен на всю сцену и даёт по сорок ложных срабатываний за ночь. Что менять в первую очередь?",
            "whyRight": "Зона важнее чувствительности. С ограниченной зоной средняя чувствительность работает, а дождь и ветки в кадр не попадают",
            "whyWrong": "Минимальная чувствительность на всей сцене пропустит и настоящее событие: вы уберёте срабатывания вместе с детектором"
          },
          {
            "correct": 1,
            "id": "q-redundancy-1",
            "options": [
              "Складывается с основным: глубина удваивается",
              "Не учитывается вовсе: это копия на случай отказа",
              "Учитывается наполовину",
              "Учитывается только при непрерывной записи"
            ],
            "sourceMaterialId": "record-redundancy",
            "text": "В проекте заложен резервный том. Как он учитывается в расчёте глубины архива?",
            "whyRight": "Резервирование — это копия на случай отказа, а не второй объём. В расчёт глубины резервный том не входит",
            "whyWrong": "Сложить резерв с основным объёмом значит пообещать заказчику вдвое больше, чем система отдаст"
          },
          {
            "correct": 0,
            "id": "q-export-1",
            "options": [
              "Штамп времени и идентификатор камеры",
              "Логотип интегратора",
              "Полная запись за сутки",
              "Экспорт в формате, требующем фирменного плеера"
            ],
            "sourceMaterialId": "export-fragment",
            "text": "Что обязательно должно попасть в видеофрагмент, который передают службе безопасности заказчика?",
            "whyRight": "Без штампа времени и идентификатора камеры фрагмент невозможно привязать к объекту — он теряет доказательную ценность",
            "whyWrong": "Фирменный формат несёт подпись, но без плеера его не откроют; сутки записи не читает никто"
          },
          {
            "correct": 1,
            "id": "q-handover-1",
            "options": [
              "Ни в чём: выборка репрезентативна",
              "Отказ обычно приходится на камеру, которую добавляли последней",
              "Проверка трёх каналов занимает больше времени, чем всех",
              "Выборочная проверка запрещена регламентом TRASSIR"
            ],
            "sourceMaterialId": "handover-check",
            "text": "Перед сдачей объекта на 32 камеры проверили запись выборочно, по трём каналам. В чём риск?",
            "whyRight": "Отказ почти всегда на камере, которую добавляли последней и в спешке. Выборка по трём каналам из тридцати двух её пропускает",
            "whyWrong": "Регламента, запрещающего выборку, нет — риск не в формальности, а в том, где обычно прячется отказ"
          },
          {
            "correct": 0,
            "id": "q-handover-2",
            "options": [
              "Расчёт глубины архива с исходным битрейтом",
              "Скриншот интерфейса TRASSIR",
              "Копия договора с производителем камер",
              "Отчёт о ложных срабатываниях за месяц"
            ],
            "sourceMaterialId": "handover-docs",
            "text": "Какой документ из перечисленных обязателен в пакете при сдаче объекта?",
            "whyRight": "Расчёт глубины с исходным битрейтом — единственное, чем обосновывается обещанная договором глубина архива",
            "whyWrong": "Скриншоты и договоры вендора в акт не входят: приёмка проверяет то, что подлежит сверке"
          }
        ],
        "rules": {
          "attempts": 2,
          "cooldownHours": 24,
          "minutes": 30,
          "questions": 20,
          "threshold": 16
        },
        "skipped": 19,
        "startedAt": "2026-09-07T18:21:43.383Z",
        "trajectoryId": "proekt",
        "wrong": 1
      }
    ]
  },
  "certificates": [],
  "history": [
    {
      "materialId": "tender-spec",
      "openedAt": "2026-09-07T18:09:43.009Z"
    },
    {
      "materialId": "license-scheme",
      "openedAt": "2026-09-07T18:09:42.654Z"
    },
    {
      "materialId": "archive-depth",
      "openedAt": "2026-09-07T18:08:41.061Z"
    },
    {
      "materialId": "bandwidth-check",
      "openedAt": "2026-09-07T18:08:12.313Z"
    },
    {
      "materialId": "disk-layout",
      "openedAt": "2026-09-07T18:08:11.791Z"
    },
    {
      "materialId": "disk-capacity",
      "openedAt": "2026-09-07T18:08:11.545Z"
    },
    {
      "materialId": "server-choice",
      "openedAt": "2026-09-07T18:07:54.787Z"
    },
    {
      "materialId": "camera-count",
      "openedAt": "2026-09-07T18:07:54.353Z"
    }
  ],
  "progress": {
    "proekt": {
      "cursor": 7,
      "doneUnitIds": [
        "proekt#0",
        "proekt#1",
        "proekt#2",
        "proekt#3",
        "proekt#4",
        "proekt#5",
        "proekt#6",
        "proekt#7"
      ],
      "lastActivityAt": "2026-09-07T18:09:43.229Z",
      "startedAt": "2026-09-07T18:07:54.081Z",
      "trajectoryId": "proekt"
    }
  },
  "session": {
    "company": "ООО Учебный пример",
    "identifier": "marina.final@example.test",
    "initials": "MA",
    "level": "partner",
    "name": null
  },
  "storageError": false,
  "toasts": [],
  "verification": {
    "company": "ООО Учебный пример",
    "inn": "7812345678",
    "role": "",
    "status": "verified",
    "submittedAt": "2026-09-07T18:09:10.981Z"
  }
}

> eval JSON.parse(sessionStorage.getItem("learn-prototype-v1"))
{
  "activeExam": null,
  "attemptStarts": {
    "proekt": [
      "094a36c4-e362-4c55-8ec6-1d388328e033"
    ]
  },
  "attempts": {
    "proekt": [
      {
        "answers": [
          1,
          null,
          null,
          null,
          null,
          null,
          null,
          null,
          null,
          null,
          null,
          null,
          null,
          null,
          null,
          null,
          null,
          null,
          null,
          null
        ],
        "correct": 0,
        "finishedAt": "2026-09-07T18:21:43.588Z",
        "id": "094a36c4-e362-4c55-8ec6-1d388328e033",
        "ordinal": 1,
        "ownerId": "marina.final@example.test",
        "passed": false,
        "questions": [
          {
            "correct": 0,
            "id": "q-archive-1",
            "options": [
              "Глубина уменьшится примерно до 20 суток",
              "Глубина не изменится — TRASSIR перераспределит битрейт",
              "Запись новых камер не начнётся, пока не увеличить диск",
              "Глубина уменьшится примерно до 10 суток"
            ],
            "sourceMaterialId": "archive-depth",
            "text": "DuoStation пишет архив 30 суток при 16 камерах. Заказчик добавляет ещё 8 камер того же потока. Что произойдёт с глубиной архива, если объём диска не менять?",
            "whyRight": "24 камеры вместо 16 — это в полтора раза больший поток. При том же объёме диска глубина падает примерно до 20 суток",
            "whyWrong": "Битрейт потока задаётся камерой и профилем записи; TRASSIR его не перераспределяет. Добавление камер увеличивает суммарный поток на диск"
          },
          {
            "correct": 0,
            "id": "q-disk-1",
            "options": [
              "На общем томе камера с высоким битрейтом вытесняет соседей",
              "TRASSIR не поддерживает разные битрейты на одном томе",
              "Том отформатирован в неподходящей файловой системе",
              "Не включено автозатирание"
            ],
            "sourceMaterialId": "disk-layout",
            "text": "Все 32 камеры пишут на один общий том. Камера с битрейтом 8 Мбит/с даёт паспортную глубину, у остальных глубина вдвое ниже расчётной. Почему?",
            "whyRight": "Общий том делится по факту записи, а не по расчёту. Разведение камер по томам группами — единственный способ удержать глубину",
            "whyWrong": "Файловая система и автозатирание влияют на поведение при переполнении, но не на то, чья запись останется"
          },
          {
            "correct": 1,
            "id": "q-archive-2",
            "options": [
              "Диск неисправен",
              "Камеры отдают больший битрейт, чем заложено в расчёт",
              "Не включено автозатирание",
              "Глубина задана в процентах диска"
            ],
            "sourceMaterialId": "archive-depth",
            "text": "Через сутки после настройки самая старая запись оказалась новее расчётной даты. В чём причина?",
            "whyRight": "Расчёт делали по паспортному битрейту, а камеры отдают фактический. Пересчитывать надо по фактическому потоку",
            "whyWrong": "Неисправный диск дал бы отказ записи, а не более короткую глубину; без автозатирания запись просто остановилась бы"
          },
          {
            "correct": 2,
            "id": "q-count-1",
            "options": [
              "От 25",
              "От 125",
              "От 250",
              "Плотность на это не влияет"
            ],
            "sourceMaterialId": "camera-count",
            "text": "Заказчик хочет различать лица на входе. От какой плотности пикселей на метр это возможно?",
            "whyRight": "Идентификация лица начинается от 250 пикселей на метр. Ниже — только распознавание",
            "whyWrong": "25 пикселей на метр дают только факт события, 125 — распознавание человека как фигуры"
          },
          {
            "correct": 0,
            "id": "q-server-1",
            "options": [
              "В суммарный битрейт записи и число одновременных декодирований",
              "В число портов коммутатора",
              "В версию TRASSIR OS",
              "В длину кабельных трасс"
            ],
            "sourceMaterialId": "server-choice",
            "text": "Во что упирается сервер раньше, чем в число камер?",
            "whyRight": "32 камеры с четырьмя рабочими местами нагружают сервер сильнее, чем 64 с одним: считается поток, а не количество",
            "whyWrong": "Порты и трассы — это сеть объекта; версия системы задаёт функции, а не потолок нагрузки"
          },
          {
            "correct": 1,
            "id": "q-capacity-1",
            "options": [
              "Показать итоговую цифру со ссылкой на опыт",
              "Принести расчёт с исходными данными",
              "Заложить двойной запас",
              "Сослаться на паспорт оборудования"
            ],
            "sourceMaterialId": "disk-capacity",
            "text": "Как надёжнее всего защитить объём дисков перед заказчиком?",
            "whyRight": "Строка «64 камеры × 4 Мбит/с × 30 суток» снимает спор за минуту — потому что её можно проверить",
            "whyWrong": "Заказчик оспаривает не объём, а непрозрачность: итог без исходных данных выглядит как запас «на всякий случай»"
          },
          {
            "correct": 1,
            "id": "q-bandwidth-1",
            "options": [
              "Запись архива",
              "Удалённый просмотр",
              "Работа детекторов",
              "Резервирование на второй том"
            ],
            "sourceMaterialId": "bandwidth-check",
            "text": "Что из перечисленного нагружает канал наружу с объекта?",
            "whyRight": "Наружу уходит только удалённый просмотр — и упирается в канал он ровно тогда, когда заказчик открывает несколько камер сразу",
            "whyWrong": "Запись, детекторы и резервирование живут внутри объекта и канал наружу не трогают"
          },
          {
            "correct": 0,
            "id": "q-license-1",
            "options": [
              "Каналы и модули лицензируются независимо",
              "Аналитика лицензируется по числу серверов",
              "Аналитика входит в лицензию только с версии 4.3",
              "Прайс обновляется чаще сметы"
            ],
            "sourceMaterialId": "license-scheme",
            "text": "Смета, где аналитика посчитана «в составе канала», расходится с прайсом. Почему?",
            "whyRight": "Это две независимые оси лицензирования. Смета, считающая их одной, расходится на каждом согласовании",
            "whyWrong": "Версия и частота обновления прайса объясняют разовое расхождение, но не системное"
          },
          {
            "correct": 1,
            "id": "q-tender-1",
            "options": [
              "Указать конкретную модель и вендора",
              "Описать требования: профиль, битрейт, частоту, температурный диапазон",
              "Указать диапазон цены",
              "Сослаться на проект"
            ],
            "sourceMaterialId": "tender-spec",
            "text": "Как описать камеру в тендерной спецификации, чтобы её не заменили дешёвым эквивалентом?",
            "whyRight": "Эквивалента с такими параметрами в дешёвом сегменте нет: требования заменить нечем, в отличие от названия модели",
            "whyWrong": "Строка с моделью заменяется «эквивалентом» на торгах — это стандартная процедура, а не злой умысел"
          },
          {
            "correct": 1,
            "id": "q-onvif-1",
            "options": [
              "Перезагрузить сервер TRASSIR и повторить поиск устройств",
              "Открыть RTSP-строку камеры сторонним плеером с той же машины",
              "Сменить профиль потока на Profile T и добавить камеру заново",
              "Проверить свободное место на дисках архива"
            ],
            "sourceMaterialId": "onvif-not-found",
            "text": "Камера подключена, TRASSIR видит её по ONVIF, но поток не открывается. Какая проверка исключает причину на стороне сети быстрее всего?",
            "whyRight": "Сторонний плеер с той же машины отделяет сеть от TRASSIR за одну операцию: если поток открылся, сеть ни при чём",
            "whyWrong": "Перезагрузка и смена профиля меняют состояние системы, но ничего не проверяют: после них вы всё ещё не знаете, доходит ли поток до машины"
          },
          {
            "correct": 0,
            "id": "q-onvif-2",
            "options": [
              "Profile G не даёт живое видео — нужен Profile S",
              "Profile G требует лицензии TRASSIR на аналитику",
              "Profile G работает только с версии TRASSIR OS 4.3",
              "Profile G несовместим с PoE-питанием"
            ],
            "sourceMaterialId": "onvif-profiles",
            "text": "Камера заявлена производителем как ONVIF-совместимая, но TRASSIR её не добавляет. В паспорте указан только Profile G. В чём причина?",
            "whyRight": "Profile G — это работа с архивом НА камере. Живое видео несёт Profile S, и без него добавить камеру нечем",
            "whyWrong": "Ни лицензия, ни версия, ни питание к профилю ONVIF отношения не имеют — профиль описывает набор функций, которые камера отдаёт наружу"
          },
          {
            "correct": 1,
            "id": "q-power-1",
            "options": [
              "Камера получает питание от отдельного блока — это норма",
              "Камера не получает питание по PoE: искать причину в настройках TRASSIR рано",
              "Порт работает на скорости 10 Мбит/с",
              "Превышен суммарный PoE-бюджет коммутатора"
            ],
            "sourceMaterialId": "power-link-check",
            "text": "Порт коммутатора показывает линк, но нулевое потребление в PoE-бюджете. Что это значит?",
            "whyRight": "Линк без потребления — это устройство, которое питания не берёт. До настроек TRASSIR дело ещё не дошло",
            "whyWrong": "Превышение бюджета выключило бы порт целиком, а скорость линка потребления не касается"
          },
          {
            "correct": 0,
            "id": "q-manual-1",
            "options": [
              "Автопоиск работает широковещательным запросом, а он не проходит маршрутизатор",
              "Автопоиск ищет только камеры TRASSIR",
              "Автопоиск требует Profile T",
              "Автопоиск отключён по умолчанию с версии 4.2"
            ],
            "sourceMaterialId": "camera-manual-add",
            "text": "Камера стоит за маршрутизатором, в другой подсети. Почему автопоиск её не найдёт?",
            "whyRight": "Широковещательный запрос живёт в пределах сегмента. За маршрутизатором ручное добавление — не запасной путь, а единственный",
            "whyWrong": "Автопоиск не различает вендоров и не требует Profile T: он ограничен транспортом, а не логикой"
          },
          {
            "correct": 1,
            "id": "q-roles-1",
            "options": [
              "Ничем: права правятся после подписания акта",
              "Перечень камер в роли разойдётся с подписанным перечнем",
              "Оператор не сможет выгрузить фрагмент",
              "Система откажет в записи на резервный том"
            ],
            "sourceMaterialId": "operator-roles",
            "text": "Заказчик просит «дать оператору всё, потом разберёмся». Чем это грозит на приёмке?",
            "whyRight": "Перечень камер в роли сверяется с тем, что заказчик подписал. Расхождение — это незакрытый акт, а не мелочь",
            "whyWrong": "Права действительно правятся позже, но на приёмке сверяется не удобство, а соответствие подписанному перечню"
          },
          {
            "correct": 0,
            "id": "q-roles-2",
            "options": [
              "Просмотр живого видео и работу с архивом",
              "Просмотр и перезагрузку сервера",
              "Настройку детекторов и смену пароля",
              "Экспорт фрагмента и просмотр журнала событий"
            ],
            "sourceMaterialId": "operator-roles",
            "text": "Какие два права в TRASSIR принято разводить между рядовым оператором и старшим смены?",
            "whyRight": "Живое видео и архив — два разных права, и именно по этой границе проходит различие между сменой и старшим смены",
            "whyWrong": "Перезагрузка сервера и смена пароля — административные права, они не входят ни в одну операторскую роль"
          },
          {
            "correct": 1,
            "id": "q-motion-1",
            "options": [
              "Понизить чувствительность до минимальной",
              "Ограничить зону тем участком, где событие имеет смысл",
              "Перевести камеру в H.265",
              "Увеличить частоту кадров"
            ],
            "sourceMaterialId": "motion-detectors",
            "text": "Детектор движения настроен на всю сцену и даёт по сорок ложных срабатываний за ночь. Что менять в первую очередь?",
            "whyRight": "Зона важнее чувствительности. С ограниченной зоной средняя чувствительность работает, а дождь и ветки в кадр не попадают",
            "whyWrong": "Минимальная чувствительность на всей сцене пропустит и настоящее событие: вы уберёте срабатывания вместе с детектором"
          },
          {
            "correct": 1,
            "id": "q-redundancy-1",
            "options": [
              "Складывается с основным: глубина удваивается",
              "Не учитывается вовсе: это копия на случай отказа",
              "Учитывается наполовину",
              "Учитывается только при непрерывной записи"
            ],
            "sourceMaterialId": "record-redundancy",
            "text": "В проекте заложен резервный том. Как он учитывается в расчёте глубины архива?",
            "whyRight": "Резервирование — это копия на случай отказа, а не второй объём. В расчёт глубины резервный том не входит",
            "whyWrong": "Сложить резерв с основным объёмом значит пообещать заказчику вдвое больше, чем система отдаст"
          },
          {
            "correct": 0,
            "id": "q-export-1",
            "options": [
              "Штамп времени и идентификатор камеры",
              "Логотип интегратора",
              "Полная запись за сутки",
              "Экспорт в формате, требующем фирменного плеера"
            ],
            "sourceMaterialId": "export-fragment",
            "text": "Что обязательно должно попасть в видеофрагмент, который передают службе безопасности заказчика?",
            "whyRight": "Без штампа времени и идентификатора камеры фрагмент невозможно привязать к объекту — он теряет доказательную ценность",
            "whyWrong": "Фирменный формат несёт подпись, но без плеера его не откроют; сутки записи не читает никто"
          },
          {
            "correct": 1,
            "id": "q-handover-1",
            "options": [
              "Ни в чём: выборка репрезентативна",
              "Отказ обычно приходится на камеру, которую добавляли последней",
              "Проверка трёх каналов занимает больше времени, чем всех",
              "Выборочная проверка запрещена регламентом TRASSIR"
            ],
            "sourceMaterialId": "handover-check",
            "text": "Перед сдачей объекта на 32 камеры проверили запись выборочно, по трём каналам. В чём риск?",
            "whyRight": "Отказ почти всегда на камере, которую добавляли последней и в спешке. Выборка по трём каналам из тридцати двух её пропускает",
            "whyWrong": "Регламента, запрещающего выборку, нет — риск не в формальности, а в том, где обычно прячется отказ"
          },
          {
            "correct": 0,
            "id": "q-handover-2",
            "options": [
              "Расчёт глубины архива с исходным битрейтом",
              "Скриншот интерфейса TRASSIR",
              "Копия договора с производителем камер",
              "Отчёт о ложных срабатываниях за месяц"
            ],
            "sourceMaterialId": "handover-docs",
            "text": "Какой документ из перечисленных обязателен в пакете при сдаче объекта?",
            "whyRight": "Расчёт глубины с исходным битрейтом — единственное, чем обосновывается обещанная договором глубина архива",
            "whyWrong": "Скриншоты и договоры вендора в акт не входят: приёмка проверяет то, что подлежит сверке"
          }
        ],
        "rules": {
          "attempts": 2,
          "cooldownHours": 24,
          "minutes": 30,
          "questions": 20,
          "threshold": 16
        },
        "skipped": 19,
        "startedAt": "2026-09-07T18:21:43.383Z",
        "trajectoryId": "proekt",
        "wrong": 1
      }
    ]
  },
  "certificates": [],
  "history": [
    {
      "materialId": "tender-spec",
      "openedAt": "2026-09-07T18:09:43.009Z"
    },
    {
      "materialId": "license-scheme",
      "openedAt": "2026-09-07T18:09:42.654Z"
    },
    {
      "materialId": "archive-depth",
      "openedAt": "2026-09-07T18:08:41.061Z"
    },
    {
      "materialId": "bandwidth-check",
      "openedAt": "2026-09-07T18:08:12.313Z"
    },
    {
      "materialId": "disk-layout",
      "openedAt": "2026-09-07T18:08:11.791Z"
    },
    {
      "materialId": "disk-capacity",
      "openedAt": "2026-09-07T18:08:11.545Z"
    },
    {
      "materialId": "server-choice",
      "openedAt": "2026-09-07T18:07:54.787Z"
    },
    {
      "materialId": "camera-count",
      "openedAt": "2026-09-07T18:07:54.353Z"
    }
  ],
  "progress": {
    "proekt": {
      "cursor": 7,
      "doneUnitIds": [
        "proekt#0",
        "proekt#1",
        "proekt#2",
        "proekt#3",
        "proekt#4",
        "proekt#5",
        "proekt#6",
        "proekt#7"
      ],
      "lastActivityAt": "2026-09-07T18:09:43.229Z",
      "startedAt": "2026-09-07T18:07:54.081Z",
      "trajectoryId": "proekt"
    }
  },
  "session": {
    "company": "ООО Учебный пример",
    "identifier": "marina.final@example.test",
    "initials": "MA",
    "level": "partner",
    "name": null
  },
  "storageError": false,
  "toasts": [],
  "verification": {
    "company": "ООО Учебный пример",
    "inn": "7812345678",
    "role": "",
    "status": "verified",
    "submittedAt": "2026-09-07T18:09:10.981Z"
  }
}

> screenshot D:\Claude-projects\Site-portfolio\tasks\learn-case\reports\evidence-05\ru-375-failed.png
✓ Screenshot saved to D:\Claude-projects\Site-portfolio\tasks\learn-case\reports\evidence-05\ru-375-failed.png

> eval sessionStorage.clear();sessionStorage.setItem('learn-prototype-v1',"{\"attemptStarts\":{\"proekt\":[\"35ca2928-5cf8-4599-9509-49d63c89229d\"]},\"session\":{\"level\":\"partner\",\"identifier\":\"marina.final@example.test\",\"name\":null,\"initials\":\"MA\",\"company\":\"ООО Учебный пример\"},\"verification\":{\"company\":\"ООО Учебный пример\",\"inn\":\"7812345678\",\"role\":\"\",\"submittedAt\":\"2026-09-07T18:09:10.981Z\",\"status\":\"verified\"},\"history\":[{\"materialId\":\"tender-spec\",\"openedAt\":\"2026-09-07T18:09:44.228Z\"},{\"materialId\":\"camera-manual-add\",\"openedAt\":\"2026-09-07T18:09:43.873Z\"},{\"materialId\":\"first-boot\",\"openedAt\":\"2026-09-07T18:09:43.478Z\"},{\"materialId\":\"license-scheme\",\"openedAt\":\"2026-09-07T18:09:42.654Z\"},{\"materialId\":\"archive-depth\",\"openedAt\":\"2026-09-07T18:08:41.061Z\"},{\"materialId\":\"bandwidth-check\",\"openedAt\":\"2026-09-07T18:08:12.313Z\"},{\"materialId\":\"disk-layout\",\"openedAt\":\"2026-09-07T18:08:11.791Z\"},{\"materialId\":\"disk-capacity\",\"openedAt\":\"2026-09-07T18:08:11.545Z\"},{\"materialId\":\"server-choice\",\"openedAt\":\"2026-09-07T18:07:54.787Z\"},{\"materialId\":\"camera-count\",\"openedAt\":\"2026-09-07T18:07:54.353Z\"}],\"progress\":{\"proekt\":{\"trajectoryId\":\"proekt\",\"doneUnitIds\":[\"proekt#0\",\"proekt#1\",\"proekt#2\",\"proekt#3\",\"proekt#4\",\"proekt#5\",\"proekt#6\",\"proekt#7\"],\"cursor\":7,\"startedAt\":\"2026-09-07T18:07:54.081Z\",\"lastActivityAt\":\"2026-09-07T18:09:44.228Z\"},\"puskonaladka\":{\"trajectoryId\":\"puskonaladka\",\"doneUnitIds\":[\"puskonaladka#0\"],\"cursor\":1,\"startedAt\":\"2026-09-07T18:09:43.437Z\",\"lastActivityAt\":\"2026-09-07T18:09:43.873Z\"}},\"attempts\":{},\"certificates\":[],\"activeExam\":{\"id\":\"35ca2928-5cf8-4599-9509-49d63c89229d\",\"ownerId\":\"marina.final@example.test\",\"trajectoryId\":\"proekt\",\"ordinal\":1,\"startedAt\":\"2026-09-07T18:09:44.319Z\",\"rules\":{\"questions\":20,\"threshold\":16,\"attempts\":2,\"minutes\":30,\"cooldownHours\":24},\"questions\":[{\"id\":\"q-archive-1\",\"text\":\"DuoStation пишет архив 30 суток при 16 камерах. Заказчик добавляет ещё 8 камер того же потока. Что произойдёт с глубиной архива, если объём диска не менять?\",\"options\":[\"Глубина уменьшится примерно до 20 суток\",\"Глубина не изменится — TRASSIR перераспределит битрейт\",\"Запись новых камер не начнётся, пока не увеличить диск\",\"Глубина уменьшится примерно до 10 суток\"],\"correct\":0,\"whyWrong\":\"Битрейт потока задаётся камерой и профилем записи; TRASSIR его не перераспределяет. Добавление камер увеличивает суммарный поток на диск\",\"whyRight\":\"24 камеры вместо 16 — это в полтора раза больший поток. При том же объёме диска глубина падает примерно до 20 суток\",\"sourceMaterialId\":\"archive-depth\"},{\"id\":\"q-disk-1\",\"text\":\"Все 32 камеры пишут на один общий том. Камера с битрейтом 8 Мбит/с даёт паспортную глубину, у остальных глубина вдвое ниже расчётной. Почему?\",\"options\":[\"На общем томе камера с высоким битрейтом вытесняет соседей\",\"TRASSIR не поддерживает разные битрейты на одном томе\",\"Том отформатирован в неподходящей файловой системе\",\"Не включено автозатирание\"],\"correct\":0,\"whyWrong\":\"Файловая система и автозатирание влияют на поведение при переполнении, но не на то, чья запись останется\",\"whyRight\":\"Общий том делится по факту записи, а не по расчёту. Разведение камер по томам группами — единственный способ удержать глубину\",\"sourceMaterialId\":\"disk-layout\"},{\"id\":\"q-archive-2\",\"text\":\"Через сутки после настройки самая старая запись оказалась новее расчётной даты. В чём причина?\",\"options\":[\"Диск неисправен\",\"Камеры отдают больший битрейт, чем заложено в расчёт\",\"Не включено автозатирание\",\"Глубина задана в процентах диска\"],\"correct\":1,\"whyWrong\":\"Неисправный диск дал бы отказ записи, а не более короткую глубину; без автозатирания запись просто остановилась бы\",\"whyRight\":\"Расчёт делали по паспортному битрейту, а камеры отдают фактический. Пересчитывать надо по фактическому потоку\",\"sourceMaterialId\":\"archive-depth\"},{\"id\":\"q-count-1\",\"text\":\"Заказчик хочет различать лица на входе. От какой плотности пикселей на метр это возможно?\",\"options\":[\"От 25\",\"От 125\",\"От 250\",\"Плотность на это не влияет\"],\"correct\":2,\"whyWrong\":\"25 пикселей на метр дают только факт события, 125 — распознавание человека как фигуры\",\"whyRight\":\"Идентификация лица начинается от 250 пикселей на метр. Ниже — только распознавание\",\"sourceMaterialId\":\"camera-count\"},{\"id\":\"q-server-1\",\"text\":\"Во что упирается сервер раньше, чем в число камер?\",\"options\":[\"В суммарный битрейт записи и число одновременных декодирований\",\"В число портов коммутатора\",\"В версию TRASSIR OS\",\"В длину кабельных трасс\"],\"correct\":0,\"whyWrong\":\"Порты и трассы — это сеть объекта; версия системы задаёт функции, а не потолок нагрузки\",\"whyRight\":\"32 камеры с четырьмя рабочими местами нагружают сервер сильнее, чем 64 с одним: считается поток, а не количество\",\"sourceMaterialId\":\"server-choice\"},{\"id\":\"q-capacity-1\",\"text\":\"Как надёжнее всего защитить объём дисков перед заказчиком?\",\"options\":[\"Показать итоговую цифру со ссылкой на опыт\",\"Принести расчёт с исходными данными\",\"Заложить двойной запас\",\"Сослаться на паспорт оборудования\"],\"correct\":1,\"whyWrong\":\"Заказчик оспаривает не объём, а непрозрачность: итог без исходных данных выглядит как запас «на всякий случай»\",\"whyRight\":\"Строка «64 камеры × 4 Мбит/с × 30 суток» снимает спор за минуту — потому что её можно проверить\",\"sourceMaterialId\":\"disk-capacity\"},{\"id\":\"q-bandwidth-1\",\"text\":\"Что из перечисленного нагружает канал наружу с объекта?\",\"options\":[\"Запись архива\",\"Удалённый просмотр\",\"Работа детекторов\",\"Резервирование на второй том\"],\"correct\":1,\"whyWrong\":\"Запись, детекторы и резервирование живут внутри объекта и канал наружу не трогают\",\"whyRight\":\"Наружу уходит только удалённый просмотр — и упирается в канал он ровно тогда, когда заказчик открывает несколько камер сразу\",\"sourceMaterialId\":\"bandwidth-check\"},{\"id\":\"q-license-1\",\"text\":\"Смета, где аналитика посчитана «в составе канала», расходится с прайсом. Почему?\",\"options\":[\"Каналы и модули лицензируются независимо\",\"Аналитика лицензируется по числу серверов\",\"Аналитика входит в лицензию только с версии 4.3\",\"Прайс обновляется чаще сметы\"],\"correct\":0,\"whyWrong\":\"Версия и частота обновления прайса объясняют разовое расхождение, но не системное\",\"whyRight\":\"Это две независимые оси лицензирования. Смета, считающая их одной, расходится на каждом согласовании\",\"sourceMaterialId\":\"license-scheme\"},{\"id\":\"q-tender-1\",\"text\":\"Как описать камеру в тендерной спецификации, чтобы её не заменили дешёвым эквивалентом?\",\"options\":[\"Указать конкретную модель и вендора\",\"Описать требования: профиль, битрейт, частоту, температурный диапазон\",\"Указать диапазон цены\",\"Сослаться на проект\"],\"correct\":1,\"whyWrong\":\"Строка с моделью заменяется «эквивалентом» на торгах — это стандартная процедура, а не злой умысел\",\"whyRight\":\"Эквивалента с такими параметрами в дешёвом сегменте нет: требования заменить нечем, в отличие от названия модели\",\"sourceMaterialId\":\"tender-spec\"},{\"id\":\"q-onvif-1\",\"text\":\"Камера подключена, TRASSIR видит её по ONVIF, но поток не открывается. Какая проверка исключает причину на стороне сети быстрее всего?\",\"options\":[\"Перезагрузить сервер TRASSIR и повторить поиск устройств\",\"Открыть RTSP-строку камеры сторонним плеером с той же машины\",\"Сменить профиль потока на Profile T и добавить камеру заново\",\"Проверить свободное место на дисках архива\"],\"correct\":1,\"whyWrong\":\"Перезагрузка и смена профиля меняют состояние системы, но ничего не проверяют: после них вы всё ещё не знаете, доходит ли поток до машины\",\"whyRight\":\"Сторонний плеер с той же машины отделяет сеть от TRASSIR за одну операцию: если поток открылся, сеть ни при чём\",\"sourceMaterialId\":\"onvif-not-found\"},{\"id\":\"q-onvif-2\",\"text\":\"Камера заявлена производителем как ONVIF-совместимая, но TRASSIR её не добавляет. В паспорте указан только Profile G. В чём причина?\",\"options\":[\"Profile G не даёт живое видео — нужен Profile S\",\"Profile G требует лицензии TRASSIR на аналитику\",\"Profile G работает только с версии TRASSIR OS 4.3\",\"Profile G несовместим с PoE-питанием\"],\"correct\":0,\"whyWrong\":\"Ни лицензия, ни версия, ни питание к профилю ONVIF отношения не имеют — профиль описывает набор функций, которые камера отдаёт наружу\",\"whyRight\":\"Profile G — это работа с архивом НА камере. Живое видео несёт Profile S, и без него добавить камеру нечем\",\"sourceMaterialId\":\"onvif-profiles\"},{\"id\":\"q-power-1\",\"text\":\"Порт коммутатора показывает линк, но нулевое потребление в PoE-бюджете. Что это значит?\",\"options\":[\"Камера получает питание от отдельного блока — это норма\",\"Камера не получает питание по PoE: искать причину в настройках TRASSIR рано\",\"Порт работает на скорости 10 Мбит/с\",\"Превышен суммарный PoE-бюджет коммутатора\"],\"correct\":1,\"whyWrong\":\"Превышение бюджета выключило бы порт целиком, а скорость линка потребления не касается\",\"whyRight\":\"Линк без потребления — это устройство, которое питания не берёт. До настроек TRASSIR дело ещё не дошло\",\"sourceMaterialId\":\"power-link-check\"},{\"id\":\"q-manual-1\",\"text\":\"Камера стоит за маршрутизатором, в другой подсети. Почему автопоиск её не найдёт?\",\"options\":[\"Автопоиск работает широковещательным запросом, а он не проходит маршрутизатор\",\"Автопоиск ищет только камеры TRASSIR\",\"Автопоиск требует Profile T\",\"Автопоиск отключён по умолчанию с версии 4.2\"],\"correct\":0,\"whyWrong\":\"Автопоиск не различает вендоров и не требует Profile T: он ограничен транспортом, а не логикой\",\"whyRight\":\"Широковещательный запрос живёт в пределах сегмента. За маршрутизатором ручное добавление — не запасной путь, а единственный\",\"sourceMaterialId\":\"camera-manual-add\"},{\"id\":\"q-roles-1\",\"text\":\"Заказчик просит «дать оператору всё, потом разберёмся». Чем это грозит на приёмке?\",\"options\":[\"Ничем: права правятся после подписания акта\",\"Перечень камер в роли разойдётся с подписанным перечнем\",\"Оператор не сможет выгрузить фрагмент\",\"Система откажет в записи на резервный том\"],\"correct\":1,\"whyWrong\":\"Права действительно правятся позже, но на приёмке сверяется не удобство, а соответствие подписанному перечню\",\"whyRight\":\"Перечень камер в роли сверяется с тем, что заказчик подписал. Расхождение — это незакрытый акт, а не мелочь\",\"sourceMaterialId\":\"operator-roles\"},{\"id\":\"q-roles-2\",\"text\":\"Какие два права в TRASSIR принято разводить между рядовым оператором и старшим смены?\",\"options\":[\"Просмотр живого видео и работу с архивом\",\"Просмотр и перезагрузку сервера\",\"Настройку детекторов и смену пароля\",\"Экспорт фрагмента и просмотр журнала событий\"],\"correct\":0,\"whyWrong\":\"Перезагрузка сервера и смена пароля — административные права, они не входят ни в одну операторскую роль\",\"whyRight\":\"Живое видео и архив — два разных права, и именно по этой границе проходит различие между сменой и старшим смены\",\"sourceMaterialId\":\"operator-roles\"},{\"id\":\"q-motion-1\",\"text\":\"Детектор движения настроен на всю сцену и даёт по сорок ложных срабатываний за ночь. Что менять в первую очередь?\",\"options\":[\"Понизить чувствительность до минимальной\",\"Ограничить зону тем участком, где событие имеет смысл\",\"Перевести камеру в H.265\",\"Увеличить частоту кадров\"],\"correct\":1,\"whyWrong\":\"Минимальная чувствительность на всей сцене пропустит и настоящее событие: вы уберёте срабатывания вместе с детектором\",\"whyRight\":\"Зона важнее чувствительности. С ограниченной зоной средняя чувствительность работает, а дождь и ветки в кадр не попадают\",\"sourceMaterialId\":\"motion-detectors\"},{\"id\":\"q-redundancy-1\",\"text\":\"В проекте заложен резервный том. Как он учитывается в расчёте глубины архива?\",\"options\":[\"Складывается с основным: глубина удваивается\",\"Не учитывается вовсе: это копия на случай отказа\",\"Учитывается наполовину\",\"Учитывается только при непрерывной записи\"],\"correct\":1,\"whyWrong\":\"Сложить резерв с основным объёмом значит пообещать заказчику вдвое больше, чем система отдаст\",\"whyRight\":\"Резервирование — это копия на случай отказа, а не второй объём. В расчёт глубины резервный том не входит\",\"sourceMaterialId\":\"record-redundancy\"},{\"id\":\"q-export-1\",\"text\":\"Что обязательно должно попасть в видеофрагмент, который передают службе безопасности заказчика?\",\"options\":[\"Штамп времени и идентификатор камеры\",\"Логотип интегратора\",\"Полная запись за сутки\",\"Экспорт в формате, требующем фирменного плеера\"],\"correct\":0,\"whyWrong\":\"Фирменный формат несёт подпись, но без плеера его не откроют; сутки записи не читает никто\",\"whyRight\":\"Без штампа времени и идентификатора камеры фрагмент невозможно привязать к объекту — он теряет доказательную ценность\",\"sourceMaterialId\":\"export-fragment\"},{\"id\":\"q-handover-1\",\"text\":\"Перед сдачей объекта на 32 камеры проверили запись выборочно, по трём каналам. В чём риск?\",\"options\":[\"Ни в чём: выборка репрезентативна\",\"Отказ обычно приходится на камеру, которую добавляли последней\",\"Проверка трёх каналов занимает больше времени, чем всех\",\"Выборочная проверка запрещена регламентом TRASSIR\"],\"correct\":1,\"whyWrong\":\"Регламента, запрещающего выборку, нет — риск не в формальности, а в том, где обычно прячется отказ\",\"whyRight\":\"Отказ почти всегда на камере, которую добавляли последней и в спешке. Выборка по трём каналам из тридцати двух её пропускает\",\"sourceMaterialId\":\"handover-check\"},{\"id\":\"q-handover-2\",\"text\":\"Какой документ из перечисленных обязателен в пакете при сдаче объекта?\",\"options\":[\"Расчёт глубины архива с исходным битрейтом\",\"Скриншот интерфейса TRASSIR\",\"Копия договора с производителем камер\",\"Отчёт о ложных срабатываниях за месяц\"],\"correct\":0,\"whyWrong\":\"Скриншоты и договоры вендора в акт не входят: приёмка проверяет то, что подлежит сверке\",\"whyRight\":\"Расчёт глубины с исходным битрейтом — единственное, чем обосновывается обещанная договором глубина архива\",\"sourceMaterialId\":\"handover-docs\"}],\"answers\":[0,0,1,2,0,1,1,0,1,1,0,1,0,1,0,1,1,0,1,0],\"index\":19,\"deadlineAt\":\"2026-09-07T18:39:44.319Z\",\"frozenAt\":\"2026-09-07T18:10:13.953Z\",\"stoppedMsLeft\":1770366,\"submitting\":false,\"submitError\":\"Нет подключения. Ответы зафиксированы.\"},\"toasts\":[],\"storageError\":false}");true
true

> open http://127.0.0.1:5174/home?lang=ru
✓ TRASSIR Learn · учебный концепт
  http://127.0.0.1:5174/home?lang=ru

> open http://127.0.0.1:5174/assessment?attemptId=35ca2928-5cf8-4599-9509-49d63c89229d&lang=ru
✓ TRASSIR Learn · учебный концепт
  http://127.0.0.1:5174/assessment?attemptId=35ca2928-5cf8-4599-9509-49d63c89229d&lang=ru

> eval ({url:location.href,lang:document.documentElement.lang,text:document.body.innerText,width:innerWidth,scroll:document.documentElement.scrollWidth,mode:document.querySelector('[data-content-mode]')?.getAttribute('data-content-mode')})
{
  "lang": "ru",
  "mode": "Neutral",
  "scroll": 375,
  "text": "MA\nЗачёт · Проектирование системы на 64+ камеры\nВопрос\n20 / 20\n29:30 · ответы зафиксированы\nОтветы пока не отправлены\nНет подключения. Ответы зафиксированы. Все ответы сохранены в этой вкладке и закрыты для изменения. После восстановления связи повторите отправку.\nВопрос 20 из 20\nКакой документ из перечисленных обязателен в пакете при сдаче объекта?\nРасчёт глубины архива с исходным битрейтом\nСкриншот интерфейса TRASSIR\nКопия договора с производителем камер\nОтчёт о ложных срабатываниях за месяц\n\nОтветы зафиксированы. Повторная отправка использует ту же попытку.\n\nНазад\nОтправить ещё раз",
  "url": "http://127.0.0.1:5174/assessment?attemptId=35ca2928-5cf8-4599-9509-49d63c89229d&lang=ru",
  "width": 375
}

> errors

> eval JSON.parse(sessionStorage.getItem("learn-prototype-v1"))
{
  "activeExam": {
    "answers": [
      0,
      0,
      1,
      2,
      0,
      1,
      1,
      0,
      1,
      1,
      0,
      1,
      0,
      1,
      0,
      1,
      1,
      0,
      1,
      0
    ],
    "deadlineAt": "2026-09-07T18:39:44.319Z",
    "frozenAt": "2026-09-07T18:10:13.953Z",
    "id": "35ca2928-5cf8-4599-9509-49d63c89229d",
    "index": 19,
    "ordinal": 1,
    "ownerId": "marina.final@example.test",
    "questions": [
      {
        "correct": 0,
        "id": "q-archive-1",
        "options": [
          "Глубина уменьшится примерно до 20 суток",
          "Глубина не изменится — TRASSIR перераспределит битрейт",
          "Запись новых камер не начнётся, пока не увеличить диск",
          "Глубина уменьшится примерно до 10 суток"
        ],
        "sourceMaterialId": "archive-depth",
        "text": "DuoStation пишет архив 30 суток при 16 камерах. Заказчик добавляет ещё 8 камер того же потока. Что произойдёт с глубиной архива, если объём диска не менять?",
        "whyRight": "24 камеры вместо 16 — это в полтора раза больший поток. При том же объёме диска глубина падает примерно до 20 суток",
        "whyWrong": "Битрейт потока задаётся камерой и профилем записи; TRASSIR его не перераспределяет. Добавление камер увеличивает суммарный поток на диск"
      },
      {
        "correct": 0,
        "id": "q-disk-1",
        "options": [
          "На общем томе камера с высоким битрейтом вытесняет соседей",
          "TRASSIR не поддерживает разные битрейты на одном томе",
          "Том отформатирован в неподходящей файловой системе",
          "Не включено автозатирание"
        ],
        "sourceMaterialId": "disk-layout",
        "text": "Все 32 камеры пишут на один общий том. Камера с битрейтом 8 Мбит/с даёт паспортную глубину, у остальных глубина вдвое ниже расчётной. Почему?",
        "whyRight": "Общий том делится по факту записи, а не по расчёту. Разведение камер по томам группами — единственный способ удержать глубину",
        "whyWrong": "Файловая система и автозатирание влияют на поведение при переполнении, но не на то, чья запись останется"
      },
      {
        "correct": 1,
        "id": "q-archive-2",
        "options": [
          "Диск неисправен",
          "Камеры отдают больший битрейт, чем заложено в расчёт",
          "Не включено автозатирание",
          "Глубина задана в процентах диска"
        ],
        "sourceMaterialId": "archive-depth",
        "text": "Через сутки после настройки самая старая запись оказалась новее расчётной даты. В чём причина?",
        "whyRight": "Расчёт делали по паспортному битрейту, а камеры отдают фактический. Пересчитывать надо по фактическому потоку",
        "whyWrong": "Неисправный диск дал бы отказ записи, а не более короткую глубину; без автозатирания запись просто остановилась бы"
      },
      {
        "correct": 2,
        "id": "q-count-1",
        "options": [
          "От 25",
          "От 125",
          "От 250",
          "Плотность на это не влияет"
        ],
        "sourceMaterialId": "camera-count",
        "text": "Заказчик хочет различать лица на входе. От какой плотности пикселей на метр это возможно?",
        "whyRight": "Идентификация лица начинается от 250 пикселей на метр. Ниже — только распознавание",
        "whyWrong": "25 пикселей на метр дают только факт события, 125 — распознавание человека как фигуры"
      },
      {
        "correct": 0,
        "id": "q-server-1",
        "options": [
          "В суммарный битрейт записи и число одновременных декодирований",
          "В число портов коммутатора",
          "В версию TRASSIR OS",
          "В длину кабельных трасс"
        ],
        "sourceMaterialId": "server-choice",
        "text": "Во что упирается сервер раньше, чем в число камер?",
        "whyRight": "32 камеры с четырьмя рабочими местами нагружают сервер сильнее, чем 64 с одним: считается поток, а не количество",
        "whyWrong": "Порты и трассы — это сеть объекта; версия системы задаёт функции, а не потолок нагрузки"
      },
      {
        "correct": 1,
        "id": "q-capacity-1",
        "options": [
          "Показать итоговую цифру со ссылкой на опыт",
          "Принести расчёт с исходными данными",
          "Заложить двойной запас",
          "Сослаться на паспорт оборудования"
        ],
        "sourceMaterialId": "disk-capacity",
        "text": "Как надёжнее всего защитить объём дисков перед заказчиком?",
        "whyRight": "Строка «64 камеры × 4 Мбит/с × 30 суток» снимает спор за минуту — потому что её можно проверить",
        "whyWrong": "Заказчик оспаривает не объём, а непрозрачность: итог без исходных данных выглядит как запас «на всякий случай»"
      },
      {
        "correct": 1,
        "id": "q-bandwidth-1",
        "options": [
          "Запись архива",
          "Удалённый просмотр",
          "Работа детекторов",
          "Резервирование на второй том"
        ],
        "sourceMaterialId": "bandwidth-check",
        "text": "Что из перечисленного нагружает канал наружу с объекта?",
        "whyRight": "Наружу уходит только удалённый просмотр — и упирается в канал он ровно тогда, когда заказчик открывает несколько камер сразу",
        "whyWrong": "Запись, детекторы и резервирование живут внутри объекта и канал наружу не трогают"
      },
      {
        "correct": 0,
        "id": "q-license-1",
        "options": [
          "Каналы и модули лицензируются независимо",
          "Аналитика лицензируется по числу серверов",
          "Аналитика входит в лицензию только с версии 4.3",
          "Прайс обновляется чаще сметы"
        ],
        "sourceMaterialId": "license-scheme",
        "text": "Смета, где аналитика посчитана «в составе канала», расходится с прайсом. Почему?",
        "whyRight": "Это две независимые оси лицензирования. Смета, считающая их одной, расходится на каждом согласовании",
        "whyWrong": "Версия и частота обновления прайса объясняют разовое расхождение, но не системное"
      },
      {
        "correct": 1,
        "id": "q-tender-1",
        "options": [
          "Указать конкретную модель и вендора",
          "Описать требования: профиль, битрейт, частоту, температурный диапазон",
          "Указать диапазон цены",
          "Сослаться на проект"
        ],
        "sourceMaterialId": "tender-spec",
        "text": "Как описать камеру в тендерной спецификации, чтобы её не заменили дешёвым эквивалентом?",
        "whyRight": "Эквивалента с такими параметрами в дешёвом сегменте нет: требования заменить нечем, в отличие от названия модели",
        "whyWrong": "Строка с моделью заменяется «эквивалентом» на торгах — это стандартная процедура, а не злой умысел"
      },
      {
        "correct": 1,
        "id": "q-onvif-1",
        "options": [
          "Перезагрузить сервер TRASSIR и повторить поиск устройств",
          "Открыть RTSP-строку камеры сторонним плеером с той же машины",
          "Сменить профиль потока на Profile T и добавить камеру заново",
          "Проверить свободное место на дисках архива"
        ],
        "sourceMaterialId": "onvif-not-found",
        "text": "Камера подключена, TRASSIR видит её по ONVIF, но поток не открывается. Какая проверка исключает причину на стороне сети быстрее всего?",
        "whyRight": "Сторонний плеер с той же машины отделяет сеть от TRASSIR за одну операцию: если поток открылся, сеть ни при чём",
        "whyWrong": "Перезагрузка и смена профиля меняют состояние системы, но ничего не проверяют: после них вы всё ещё не знаете, доходит ли поток до машины"
      },
      {
        "correct": 0,
        "id": "q-onvif-2",
        "options": [
          "Profile G не даёт живое видео — нужен Profile S",
          "Profile G требует лицензии TRASSIR на аналитику",
          "Profile G работает только с версии TRASSIR OS 4.3",
          "Profile G несовместим с PoE-питанием"
        ],
        "sourceMaterialId": "onvif-profiles",
        "text": "Камера заявлена производителем как ONVIF-совместимая, но TRASSIR её не добавляет. В паспорте указан только Profile G. В чём причина?",
        "whyRight": "Profile G — это работа с архивом НА камере. Живое видео несёт Profile S, и без него добавить камеру нечем",
        "whyWrong": "Ни лицензия, ни версия, ни питание к профилю ONVIF отношения не имеют — профиль описывает набор функций, которые камера отдаёт наружу"
      },
      {
        "correct": 1,
        "id": "q-power-1",
        "options": [
          "Камера получает питание от отдельного блока — это норма",
          "Камера не получает питание по PoE: искать причину в настройках TRASSIR рано",
          "Порт работает на скорости 10 Мбит/с",
          "Превышен суммарный PoE-бюджет коммутатора"
        ],
        "sourceMaterialId": "power-link-check",
        "text": "Порт коммутатора показывает линк, но нулевое потребление в PoE-бюджете. Что это значит?",
        "whyRight": "Линк без потребления — это устройство, которое питания не берёт. До настроек TRASSIR дело ещё не дошло",
        "whyWrong": "Превышение бюджета выключило бы порт целиком, а скорость линка потребления не касается"
      },
      {
        "correct": 0,
        "id": "q-manual-1",
        "options": [
          "Автопоиск работает широковещательным запросом, а он не проходит маршрутизатор",
          "Автопоиск ищет только камеры TRASSIR",
          "Автопоиск требует Profile T",
          "Автопоиск отключён по умолчанию с версии 4.2"
        ],
        "sourceMaterialId": "camera-manual-add",
        "text": "Камера стоит за маршрутизатором, в другой подсети. Почему автопоиск её не найдёт?",
        "whyRight": "Широковещательный запрос живёт в пределах сегмента. За маршрутизатором ручное добавление — не запасной путь, а единственный",
        "whyWrong": "Автопоиск не различает вендоров и не требует Profile T: он ограничен транспортом, а не логикой"
      },
      {
        "correct": 1,
        "id": "q-roles-1",
        "options": [
          "Ничем: права правятся после подписания акта",
          "Перечень камер в роли разойдётся с подписанным перечнем",
          "Оператор не сможет выгрузить фрагмент",
          "Система откажет в записи на резервный том"
        ],
        "sourceMaterialId": "operator-roles",
        "text": "Заказчик просит «дать оператору всё, потом разберёмся». Чем это грозит на приёмке?",
        "whyRight": "Перечень камер в роли сверяется с тем, что заказчик подписал. Расхождение — это незакрытый акт, а не мелочь",
        "whyWrong": "Права действительно правятся позже, но на приёмке сверяется не удобство, а соответствие подписанному перечню"
      },
      {
        "correct": 0,
        "id": "q-roles-2",
        "options": [
          "Просмотр живого видео и работу с архивом",
          "Просмотр и перезагрузку сервера",
          "Настройку детекторов и смену пароля",
          "Экспорт фрагмента и просмотр журнала событий"
        ],
        "sourceMaterialId": "operator-roles",
        "text": "Какие два права в TRASSIR принято разводить между рядовым оператором и старшим смены?",
        "whyRight": "Живое видео и архив — два разных права, и именно по этой границе проходит различие между сменой и старшим смены",
        "whyWrong": "Перезагрузка сервера и смена пароля — административные права, они не входят ни в одну операторскую роль"
      },
      {
        "correct": 1,
        "id": "q-motion-1",
        "options": [
          "Понизить чувствительность до минимальной",
          "Ограничить зону тем участком, где событие имеет смысл",
          "Перевести камеру в H.265",
          "Увеличить частоту кадров"
        ],
        "sourceMaterialId": "motion-detectors",
        "text": "Детектор движения настроен на всю сцену и даёт по сорок ложных срабатываний за ночь. Что менять в первую очередь?",
        "whyRight": "Зона важнее чувствительности. С ограниченной зоной средняя чувствительность работает, а дождь и ветки в кадр не попадают",
        "whyWrong": "Минимальная чувствительность на всей сцене пропустит и настоящее событие: вы уберёте срабатывания вместе с детектором"
      },
      {
        "correct": 1,
        "id": "q-redundancy-1",
        "options": [
          "Складывается с основным: глубина удваивается",
          "Не учитывается вовсе: это копия на случай отказа",
          "Учитывается наполовину",
          "Учитывается только при непрерывной записи"
        ],
        "sourceMaterialId": "record-redundancy",
        "text": "В проекте заложен резервный том. Как он учитывается в расчёте глубины архива?",
        "whyRight": "Резервирование — это копия на случай отказа, а не второй объём. В расчёт глубины резервный том не входит",
        "whyWrong": "Сложить резерв с основным объёмом значит пообещать заказчику вдвое больше, чем система отдаст"
      },
      {
        "correct": 0,
        "id": "q-export-1",
        "options": [
          "Штамп времени и идентификатор камеры",
          "Логотип интегратора",
          "Полная запись за сутки",
          "Экспорт в формате, требующем фирменного плеера"
        ],
        "sourceMaterialId": "export-fragment",
        "text": "Что обязательно должно попасть в видеофрагмент, который передают службе безопасности заказчика?",
        "whyRight": "Без штампа времени и идентификатора камеры фрагмент невозможно привязать к объекту — он теряет доказательную ценность",
        "whyWrong": "Фирменный формат несёт подпись, но без плеера его не откроют; сутки записи не читает никто"
      },
      {
        "correct": 1,
        "id": "q-handover-1",
        "options": [
          "Ни в чём: выборка репрезентативна",
          "Отказ обычно приходится на камеру, которую добавляли последней",
          "Проверка трёх каналов занимает больше времени, чем всех",
          "Выборочная проверка запрещена регламентом TRASSIR"
        ],
        "sourceMaterialId": "handover-check",
        "text": "Перед сдачей объекта на 32 камеры проверили запись выборочно, по трём каналам. В чём риск?",
        "whyRight": "Отказ почти всегда на камере, которую добавляли последней и в спешке. Выборка по трём каналам из тридцати двух её пропускает",
        "whyWrong": "Регламента, запрещающего выборку, нет — риск не в формальности, а в том, где обычно прячется отказ"
      },
      {
        "correct": 0,
        "id": "q-handover-2",
        "options": [
          "Расчёт глубины архива с исходным битрейтом",
          "Скриншот интерфейса TRASSIR",
          "Копия договора с производителем камер",
          "Отчёт о ложных срабатываниях за месяц"
        ],
        "sourceMaterialId": "handover-docs",
        "text": "Какой документ из перечисленных обязателен в пакете при сдаче объекта?",
        "whyRight": "Расчёт глубины с исходным битрейтом — единственное, чем обосновывается обещанная договором глубина архива",
        "whyWrong": "Скриншоты и договоры вендора в акт не входят: приёмка проверяет то, что подлежит сверке"
      }
    ],
    "rules": {
      "attempts": 2,
      "cooldownHours": 24,
      "minutes": 30,
      "questions": 20,
      "threshold": 16
    },
    "startedAt": "2026-09-07T18:09:44.319Z",
    "stoppedMsLeft": 1770366,
    "submitError": "Нет подключения. Ответы зафиксированы.",
    "submitting": false,
    "trajectoryId": "proekt"
  },
  "attemptStarts": {
    "proekt": [
      "35ca2928-5cf8-4599-9509-49d63c89229d"
    ]
  },
  "attempts": {},
  "certificates": [],
  "history": [
    {
      "materialId": "tender-spec",
      "openedAt": "2026-09-07T18:09:44.228Z"
    },
    {
      "materialId": "camera-manual-add",
      "openedAt": "2026-09-07T18:09:43.873Z"
    },
    {
      "materialId": "first-boot",
      "openedAt": "2026-09-07T18:09:43.478Z"
    },
    {
      "materialId": "license-scheme",
      "openedAt": "2026-09-07T18:09:42.654Z"
    },
    {
      "materialId": "archive-depth",
      "openedAt": "2026-09-07T18:08:41.061Z"
    },
    {
      "materialId": "bandwidth-check",
      "openedAt": "2026-09-07T18:08:12.313Z"
    },
    {
      "materialId": "disk-layout",
      "openedAt": "2026-09-07T18:08:11.791Z"
    },
    {
      "materialId": "disk-capacity",
      "openedAt": "2026-09-07T18:08:11.545Z"
    },
    {
      "materialId": "server-choice",
      "openedAt": "2026-09-07T18:07:54.787Z"
    },
    {
      "materialId": "camera-count",
      "openedAt": "2026-09-07T18:07:54.353Z"
    }
  ],
  "progress": {
    "proekt": {
      "cursor": 7,
      "doneUnitIds": [
        "proekt#0",
        "proekt#1",
        "proekt#2",
        "proekt#3",
        "proekt#4",
        "proekt#5",
        "proekt#6",
        "proekt#7"
      ],
      "lastActivityAt": "2026-09-07T18:09:44.228Z",
      "startedAt": "2026-09-07T18:07:54.081Z",
      "trajectoryId": "proekt"
    },
    "puskonaladka": {
      "cursor": 1,
      "doneUnitIds": [
        "puskonaladka#0"
      ],
      "lastActivityAt": "2026-09-07T18:09:43.873Z",
      "startedAt": "2026-09-07T18:09:43.437Z",
      "trajectoryId": "puskonaladka"
    }
  },
  "session": {
    "company": "ООО Учебный пример",
    "identifier": "marina.final@example.test",
    "initials": "MA",
    "level": "partner",
    "name": null
  },
  "storageError": false,
  "toasts": [],
  "verification": {
    "company": "ООО Учебный пример",
    "inn": "7812345678",
    "role": "",
    "status": "verified",
    "submittedAt": "2026-09-07T18:09:10.981Z"
  }
}

> reload
http://127.0.0.1:5174/assessment?attemptId=35ca2928-5cf8-4599-9509-49d63c89229d&lang=ru

> eval ({url:location.href,lang:document.documentElement.lang,text:document.body.innerText,width:innerWidth,scroll:document.documentElement.scrollWidth,mode:document.querySelector('[data-content-mode]')?.getAttribute('data-content-mode')})
{
  "lang": "ru",
  "mode": "Neutral",
  "scroll": 375,
  "text": "MA\nЗачёт · Проектирование системы на 64+ камеры\nВопрос\n20 / 20\n29:30 · ответы зафиксированы\nОтветы пока не отправлены\nНет подключения. Ответы зафиксированы. Все ответы сохранены в этой вкладке и закрыты для изменения. После восстановления связи повторите отправку.\nВопрос 20 из 20\nКакой документ из перечисленных обязателен в пакете при сдаче объекта?\nРасчёт глубины архива с исходным битрейтом\nСкриншот интерфейса TRASSIR\nКопия договора с производителем камер\nОтчёт о ложных срабатываниях за месяц\n\nОтветы зафиксированы. Повторная отправка использует ту же попытку.\n\nНазад\nОтправить ещё раз",
  "url": "http://127.0.0.1:5174/assessment?attemptId=35ca2928-5cf8-4599-9509-49d63c89229d&lang=ru",
  "width": 375
}

> errors

> snapshot -i
- generic "MAMAЗачёт · Проектирование системы на 64+ камерыВопрос20 / 2029:30 · ответы зафиксированыОтветы пока" [ref=e1] clickable [onclick]
  - button "На главную" [ref=e2]
  - button "Моё обучение" [ref=e3]
  - button "Меню" [expanded=false, ref=e4]
  - textbox "Поиск по материалам и программам" [ref=e5]
  - heading "Какой документ из перечисленных обязателен в пакете при сдаче объекта?" [level=1, ref=e6]
  - radio "Расчёт глубины архива с исходным битрейтом" [checked=true, disabled, ref=e9]
  - radio "Скриншот интерфейса TRASSIR" [checked=false, disabled, ref=e10]
  - radio "Копия договора с производителем камер" [checked=false, disabled, ref=e11]
  - radio "Отчёт о ложных срабатываниях за месяц" [checked=false, disabled, ref=e12]
  - button "Назад" [ref=e7]
  - button "Отправить ещё раз" [ref=e8]

> click @e8
✓ Done

> wait 800
✓ Done

> eval ({url:location.href,lang:document.documentElement.lang,text:document.body.innerText,width:innerWidth,scroll:document.documentElement.scrollWidth,mode:document.querySelector('[data-content-mode]')?.getAttribute('data-content-mode')})
{
  "lang": "ru",
  "mode": "Neutral",
  "scroll": 375,
  "text": "MA\nПрограмма\n/\nРезультат зачёта\n\nПроектирование системы на 64+ камеры\n\nЗачёт пройден\n\n7 сентября в 21:10 · Попытка 1 из 2\n\nВерные ответы\n20\nиз 20\nПорог прохождения\nНужно 16\nВыше порога на 4\nНеверно 0 ↗\nПропущено 0 ↗\nВсе 20 ответов ↗\n\nДокумент сформирован\n\nРезультат сохранён в этом аккаунте.\n\nОткрыть документ\nВернуться к программе",
  "url": "http://127.0.0.1:5174/assessment/result?attemptId=35ca2928-5cf8-4599-9509-49d63c89229d&lang=ru",
  "width": 375
}

> errors

> eval JSON.parse(sessionStorage.getItem("learn-prototype-v1"))
{
  "activeExam": null,
  "attemptStarts": {
    "proekt": [
      "35ca2928-5cf8-4599-9509-49d63c89229d"
    ]
  },
  "attempts": {
    "proekt": [
      {
        "answers": [
          0,
          0,
          1,
          2,
          0,
          1,
          1,
          0,
          1,
          1,
          0,
          1,
          0,
          1,
          0,
          1,
          1,
          0,
          1,
          0
        ],
        "correct": 20,
        "finishedAt": "2026-09-07T18:10:13.953Z",
        "id": "35ca2928-5cf8-4599-9509-49d63c89229d",
        "ordinal": 1,
        "ownerId": "marina.final@example.test",
        "passed": true,
        "questions": [
          {
            "correct": 0,
            "id": "q-archive-1",
            "options": [
              "Глубина уменьшится примерно до 20 суток",
              "Глубина не изменится — TRASSIR перераспределит битрейт",
              "Запись новых камер не начнётся, пока не увеличить диск",
              "Глубина уменьшится примерно до 10 суток"
            ],
            "sourceMaterialId": "archive-depth",
            "text": "DuoStation пишет архив 30 суток при 16 камерах. Заказчик добавляет ещё 8 камер того же потока. Что произойдёт с глубиной архива, если объём диска не менять?",
            "whyRight": "24 камеры вместо 16 — это в полтора раза больший поток. При том же объёме диска глубина падает примерно до 20 суток",
            "whyWrong": "Битрейт потока задаётся камерой и профилем записи; TRASSIR его не перераспределяет. Добавление камер увеличивает суммарный поток на диск"
          },
          {
            "correct": 0,
            "id": "q-disk-1",
            "options": [
              "На общем томе камера с высоким битрейтом вытесняет соседей",
              "TRASSIR не поддерживает разные битрейты на одном томе",
              "Том отформатирован в неподходящей файловой системе",
              "Не включено автозатирание"
            ],
            "sourceMaterialId": "disk-layout",
            "text": "Все 32 камеры пишут на один общий том. Камера с битрейтом 8 Мбит/с даёт паспортную глубину, у остальных глубина вдвое ниже расчётной. Почему?",
            "whyRight": "Общий том делится по факту записи, а не по расчёту. Разведение камер по томам группами — единственный способ удержать глубину",
            "whyWrong": "Файловая система и автозатирание влияют на поведение при переполнении, но не на то, чья запись останется"
          },
          {
            "correct": 1,
            "id": "q-archive-2",
            "options": [
              "Диск неисправен",
              "Камеры отдают больший битрейт, чем заложено в расчёт",
              "Не включено автозатирание",
              "Глубина задана в процентах диска"
            ],
            "sourceMaterialId": "archive-depth",
            "text": "Через сутки после настройки самая старая запись оказалась новее расчётной даты. В чём причина?",
            "whyRight": "Расчёт делали по паспортному битрейту, а камеры отдают фактический. Пересчитывать надо по фактическому потоку",
            "whyWrong": "Неисправный диск дал бы отказ записи, а не более короткую глубину; без автозатирания запись просто остановилась бы"
          },
          {
            "correct": 2,
            "id": "q-count-1",
            "options": [
              "От 25",
              "От 125",
              "От 250",
              "Плотность на это не влияет"
            ],
            "sourceMaterialId": "camera-count",
            "text": "Заказчик хочет различать лица на входе. От какой плотности пикселей на метр это возможно?",
            "whyRight": "Идентификация лица начинается от 250 пикселей на метр. Ниже — только распознавание",
            "whyWrong": "25 пикселей на метр дают только факт события, 125 — распознавание человека как фигуры"
          },
          {
            "correct": 0,
            "id": "q-server-1",
            "options": [
              "В суммарный битрейт записи и число одновременных декодирований",
              "В число портов коммутатора",
              "В версию TRASSIR OS",
              "В длину кабельных трасс"
            ],
            "sourceMaterialId": "server-choice",
            "text": "Во что упирается сервер раньше, чем в число камер?",
            "whyRight": "32 камеры с четырьмя рабочими местами нагружают сервер сильнее, чем 64 с одним: считается поток, а не количество",
            "whyWrong": "Порты и трассы — это сеть объекта; версия системы задаёт функции, а не потолок нагрузки"
          },
          {
            "correct": 1,
            "id": "q-capacity-1",
            "options": [
              "Показать итоговую цифру со ссылкой на опыт",
              "Принести расчёт с исходными данными",
              "Заложить двойной запас",
              "Сослаться на паспорт оборудования"
            ],
            "sourceMaterialId": "disk-capacity",
            "text": "Как надёжнее всего защитить объём дисков перед заказчиком?",
            "whyRight": "Строка «64 камеры × 4 Мбит/с × 30 суток» снимает спор за минуту — потому что её можно проверить",
            "whyWrong": "Заказчик оспаривает не объём, а непрозрачность: итог без исходных данных выглядит как запас «на всякий случай»"
          },
          {
            "correct": 1,
            "id": "q-bandwidth-1",
            "options": [
              "Запись архива",
              "Удалённый просмотр",
              "Работа детекторов",
              "Резервирование на второй том"
            ],
            "sourceMaterialId": "bandwidth-check",
            "text": "Что из перечисленного нагружает канал наружу с объекта?",
            "whyRight": "Наружу уходит только удалённый просмотр — и упирается в канал он ровно тогда, когда заказчик открывает несколько камер сразу",
            "whyWrong": "Запись, детекторы и резервирование живут внутри объекта и канал наружу не трогают"
          },
          {
            "correct": 0,
            "id": "q-license-1",
            "options": [
              "Каналы и модули лицензируются независимо",
              "Аналитика лицензируется по числу серверов",
              "Аналитика входит в лицензию только с версии 4.3",
              "Прайс обновляется чаще сметы"
            ],
            "sourceMaterialId": "license-scheme",
            "text": "Смета, где аналитика посчитана «в составе канала», расходится с прайсом. Почему?",
            "whyRight": "Это две независимые оси лицензирования. Смета, считающая их одной, расходится на каждом согласовании",
            "whyWrong": "Версия и частота обновления прайса объясняют разовое расхождение, но не системное"
          },
          {
            "correct": 1,
            "id": "q-tender-1",
            "options": [
              "Указать конкретную модель и вендора",
              "Описать требования: профиль, битрейт, частоту, температурный диапазон",
              "Указать диапазон цены",
              "Сослаться на проект"
            ],
            "sourceMaterialId": "tender-spec",
            "text": "Как описать камеру в тендерной спецификации, чтобы её не заменили дешёвым эквивалентом?",
            "whyRight": "Эквивалента с такими параметрами в дешёвом сегменте нет: требования заменить нечем, в отличие от названия модели",
            "whyWrong": "Строка с моделью заменяется «эквивалентом» на торгах — это стандартная процедура, а не злой умысел"
          },
          {
            "correct": 1,
            "id": "q-onvif-1",
            "options": [
              "Перезагрузить сервер TRASSIR и повторить поиск устройств",
              "Открыть RTSP-строку камеры сторонним плеером с той же машины",
              "Сменить профиль потока на Profile T и добавить камеру заново",
              "Проверить свободное место на дисках архива"
            ],
            "sourceMaterialId": "onvif-not-found",
            "text": "Камера подключена, TRASSIR видит её по ONVIF, но поток не открывается. Какая проверка исключает причину на стороне сети быстрее всего?",
            "whyRight": "Сторонний плеер с той же машины отделяет сеть от TRASSIR за одну операцию: если поток открылся, сеть ни при чём",
            "whyWrong": "Перезагрузка и смена профиля меняют состояние системы, но ничего не проверяют: после них вы всё ещё не знаете, доходит ли поток до машины"
          },
          {
            "correct": 0,
            "id": "q-onvif-2",
            "options": [
              "Profile G не даёт живое видео — нужен Profile S",
              "Profile G требует лицензии TRASSIR на аналитику",
              "Profile G работает только с версии TRASSIR OS 4.3",
              "Profile G несовместим с PoE-питанием"
            ],
            "sourceMaterialId": "onvif-profiles",
            "text": "Камера заявлена производителем как ONVIF-совместимая, но TRASSIR её не добавляет. В паспорте указан только Profile G. В чём причина?",
            "whyRight": "Profile G — это работа с архивом НА камере. Живое видео несёт Profile S, и без него добавить камеру нечем",
            "whyWrong": "Ни лицензия, ни версия, ни питание к профилю ONVIF отношения не имеют — профиль описывает набор функций, которые камера отдаёт наружу"
          },
          {
            "correct": 1,
            "id": "q-power-1",
            "options": [
              "Камера получает питание от отдельного блока — это норма",
              "Камера не получает питание по PoE: искать причину в настройках TRASSIR рано",
              "Порт работает на скорости 10 Мбит/с",
              "Превышен суммарный PoE-бюджет коммутатора"
            ],
            "sourceMaterialId": "power-link-check",
            "text": "Порт коммутатора показывает линк, но нулевое потребление в PoE-бюджете. Что это значит?",
            "whyRight": "Линк без потребления — это устройство, которое питания не берёт. До настроек TRASSIR дело ещё не дошло",
            "whyWrong": "Превышение бюджета выключило бы порт целиком, а скорость линка потребления не касается"
          },
          {
            "correct": 0,
            "id": "q-manual-1",
            "options": [
              "Автопоиск работает широковещательным запросом, а он не проходит маршрутизатор",
              "Автопоиск ищет только камеры TRASSIR",
              "Автопоиск требует Profile T",
              "Автопоиск отключён по умолчанию с версии 4.2"
            ],
            "sourceMaterialId": "camera-manual-add",
            "text": "Камера стоит за маршрутизатором, в другой подсети. Почему автопоиск её не найдёт?",
            "whyRight": "Широковещательный запрос живёт в пределах сегмента. За маршрутизатором ручное добавление — не запасной путь, а единственный",
            "whyWrong": "Автопоиск не различает вендоров и не требует Profile T: он ограничен транспортом, а не логикой"
          },
          {
            "correct": 1,
            "id": "q-roles-1",
            "options": [
              "Ничем: права правятся после подписания акта",
              "Перечень камер в роли разойдётся с подписанным перечнем",
              "Оператор не сможет выгрузить фрагмент",
              "Система откажет в записи на резервный том"
            ],
            "sourceMaterialId": "operator-roles",
            "text": "Заказчик просит «дать оператору всё, потом разберёмся». Чем это грозит на приёмке?",
            "whyRight": "Перечень камер в роли сверяется с тем, что заказчик подписал. Расхождение — это незакрытый акт, а не мелочь",
            "whyWrong": "Права действительно правятся позже, но на приёмке сверяется не удобство, а соответствие подписанному перечню"
          },
          {
            "correct": 0,
            "id": "q-roles-2",
            "options": [
              "Просмотр живого видео и работу с архивом",
              "Просмотр и перезагрузку сервера",
              "Настройку детекторов и смену пароля",
              "Экспорт фрагмента и просмотр журнала событий"
            ],
            "sourceMaterialId": "operator-roles",
            "text": "Какие два права в TRASSIR принято разводить между рядовым оператором и старшим смены?",
            "whyRight": "Живое видео и архив — два разных права, и именно по этой границе проходит различие между сменой и старшим смены",
            "whyWrong": "Перезагрузка сервера и смена пароля — административные права, они не входят ни в одну операторскую роль"
          },
          {
            "correct": 1,
            "id": "q-motion-1",
            "options": [
              "Понизить чувствительность до минимальной",
              "Ограничить зону тем участком, где событие имеет смысл",
              "Перевести камеру в H.265",
              "Увеличить частоту кадров"
            ],
            "sourceMaterialId": "motion-detectors",
            "text": "Детектор движения настроен на всю сцену и даёт по сорок ложных срабатываний за ночь. Что менять в первую очередь?",
            "whyRight": "Зона важнее чувствительности. С ограниченной зоной средняя чувствительность работает, а дождь и ветки в кадр не попадают",
            "whyWrong": "Минимальная чувствительность на всей сцене пропустит и настоящее событие: вы уберёте срабатывания вместе с детектором"
          },
          {
            "correct": 1,
            "id": "q-redundancy-1",
            "options": [
              "Складывается с основным: глубина удваивается",
              "Не учитывается вовсе: это копия на случай отказа",
              "Учитывается наполовину",
              "Учитывается только при непрерывной записи"
            ],
            "sourceMaterialId": "record-redundancy",
            "text": "В проекте заложен резервный том. Как он учитывается в расчёте глубины архива?",
            "whyRight": "Резервирование — это копия на случай отказа, а не второй объём. В расчёт глубины резервный том не входит",
            "whyWrong": "Сложить резерв с основным объёмом значит пообещать заказчику вдвое больше, чем система отдаст"
          },
          {
            "correct": 0,
            "id": "q-export-1",
            "options": [
              "Штамп времени и идентификатор камеры",
              "Логотип интегратора",
              "Полная запись за сутки",
              "Экспорт в формате, требующем фирменного плеера"
            ],
            "sourceMaterialId": "export-fragment",
            "text": "Что обязательно должно попасть в видеофрагмент, который передают службе безопасности заказчика?",
            "whyRight": "Без штампа времени и идентификатора камеры фрагмент невозможно привязать к объекту — он теряет доказательную ценность",
            "whyWrong": "Фирменный формат несёт подпись, но без плеера его не откроют; сутки записи не читает никто"
          },
          {
            "correct": 1,
            "id": "q-handover-1",
            "options": [
              "Ни в чём: выборка репрезентативна",
              "Отказ обычно приходится на камеру, которую добавляли последней",
              "Проверка трёх каналов занимает больше времени, чем всех",
              "Выборочная проверка запрещена регламентом TRASSIR"
            ],
            "sourceMaterialId": "handover-check",
            "text": "Перед сдачей объекта на 32 камеры проверили запись выборочно, по трём каналам. В чём риск?",
            "whyRight": "Отказ почти всегда на камере, которую добавляли последней и в спешке. Выборка по трём каналам из тридцати двух её пропускает",
            "whyWrong": "Регламента, запрещающего выборку, нет — риск не в формальности, а в том, где обычно прячется отказ"
          },
          {
            "correct": 0,
            "id": "q-handover-2",
            "options": [
              "Расчёт глубины архива с исходным битрейтом",
              "Скриншот интерфейса TRASSIR",
              "Копия договора с производителем камер",
              "Отчёт о ложных срабатываниях за месяц"
            ],
            "sourceMaterialId": "handover-docs",
            "text": "Какой документ из перечисленных обязателен в пакете при сдаче объекта?",
            "whyRight": "Расчёт глубины с исходным битрейтом — единственное, чем обосновывается обещанная договором глубина архива",
            "whyWrong": "Скриншоты и договоры вендора в акт не входят: приёмка проверяет то, что подлежит сверке"
          }
        ],
        "rules": {
          "attempts": 2,
          "cooldownHours": 24,
          "minutes": 30,
          "questions": 20,
          "threshold": 16
        },
        "skipped": 0,
        "startedAt": "2026-09-07T18:09:44.319Z",
        "trajectoryId": "proekt",
        "wrong": 0
      }
    ]
  },
  "certificates": [
    {
      "attemptId": "35ca2928-5cf8-4599-9509-49d63c89229d",
      "basis": "Зачёт по программе: 20 из 20, нужно 16",
      "company": "ООО Учебный пример",
      "id": "document-35ca2928-5cf8-4599-9509-49d63c89229d",
      "identifier": "TR-PR-2026-004317",
      "issuedAt": "2026-09-08T08:00:53.074Z",
      "owner": "marina.final@example.test",
      "ownerId": "marina.final@example.test",
      "title": "Проектирование системы на 64+ камеры",
      "trajectoryId": "proekt"
    }
  ],
  "history": [
    {
      "materialId": "tender-spec",
      "openedAt": "2026-09-07T18:09:44.228Z"
    },
    {
      "materialId": "camera-manual-add",
      "openedAt": "2026-09-07T18:09:43.873Z"
    },
    {
      "materialId": "first-boot",
      "openedAt": "2026-09-07T18:09:43.478Z"
    },
    {
      "materialId": "license-scheme",
      "openedAt": "2026-09-07T18:09:42.654Z"
    },
    {
      "materialId": "archive-depth",
      "openedAt": "2026-09-07T18:08:41.061Z"
    },
    {
      "materialId": "bandwidth-check",
      "openedAt": "2026-09-07T18:08:12.313Z"
    },
    {
      "materialId": "disk-layout",
      "openedAt": "2026-09-07T18:08:11.791Z"
    },
    {
      "materialId": "disk-capacity",
      "openedAt": "2026-09-07T18:08:11.545Z"
    },
    {
      "materialId": "server-choice",
      "openedAt": "2026-09-07T18:07:54.787Z"
    },
    {
      "materialId": "camera-count",
      "openedAt": "2026-09-07T18:07:54.353Z"
    }
  ],
  "progress": {
    "proekt": {
      "cursor": 7,
      "doneUnitIds": [
        "proekt#0",
        "proekt#1",
        "proekt#2",
        "proekt#3",
        "proekt#4",
        "proekt#5",
        "proekt#6",
        "proekt#7",
        "proekt#8"
      ],
      "lastActivityAt": "2026-09-08T08:00:53.074Z",
      "startedAt": "2026-09-07T18:07:54.081Z",
      "trajectoryId": "proekt"
    },
    "puskonaladka": {
      "cursor": 1,
      "doneUnitIds": [
        "puskonaladka#0"
      ],
      "lastActivityAt": "2026-09-07T18:09:43.873Z",
      "startedAt": "2026-09-07T18:09:43.437Z",
      "trajectoryId": "puskonaladka"
    }
  },
  "session": {
    "company": "ООО Учебный пример",
    "identifier": "marina.final@example.test",
    "initials": "MA",
    "level": "partner",
    "name": null
  },
  "storageError": false,
  "toasts": [],
  "verification": {
    "company": "ООО Учебный пример",
    "inn": "7812345678",
    "role": "",
    "status": "verified",
    "submittedAt": "2026-09-07T18:09:10.981Z"
  }
}

> reload
http://127.0.0.1:5174/assessment/result?attemptId=35ca2928-5cf8-4599-9509-49d63c89229d&lang=ru

> eval JSON.parse(sessionStorage.getItem("learn-prototype-v1"))
{
  "activeExam": null,
  "attemptStarts": {
    "proekt": [
      "35ca2928-5cf8-4599-9509-49d63c89229d"
    ]
  },
  "attempts": {
    "proekt": [
      {
        "answers": [
          0,
          0,
          1,
          2,
          0,
          1,
          1,
          0,
          1,
          1,
          0,
          1,
          0,
          1,
          0,
          1,
          1,
          0,
          1,
          0
        ],
        "correct": 20,
        "finishedAt": "2026-09-07T18:10:13.953Z",
        "id": "35ca2928-5cf8-4599-9509-49d63c89229d",
        "ordinal": 1,
        "ownerId": "marina.final@example.test",
        "passed": true,
        "questions": [
          {
            "correct": 0,
            "id": "q-archive-1",
            "options": [
              "Глубина уменьшится примерно до 20 суток",
              "Глубина не изменится — TRASSIR перераспределит битрейт",
              "Запись новых камер не начнётся, пока не увеличить диск",
              "Глубина уменьшится примерно до 10 суток"
            ],
            "sourceMaterialId": "archive-depth",
            "text": "DuoStation пишет архив 30 суток при 16 камерах. Заказчик добавляет ещё 8 камер того же потока. Что произойдёт с глубиной архива, если объём диска не менять?",
            "whyRight": "24 камеры вместо 16 — это в полтора раза больший поток. При том же объёме диска глубина падает примерно до 20 суток",
            "whyWrong": "Битрейт потока задаётся камерой и профилем записи; TRASSIR его не перераспределяет. Добавление камер увеличивает суммарный поток на диск"
          },
          {
            "correct": 0,
            "id": "q-disk-1",
            "options": [
              "На общем томе камера с высоким битрейтом вытесняет соседей",
              "TRASSIR не поддерживает разные битрейты на одном томе",
              "Том отформатирован в неподходящей файловой системе",
              "Не включено автозатирание"
            ],
            "sourceMaterialId": "disk-layout",
            "text": "Все 32 камеры пишут на один общий том. Камера с битрейтом 8 Мбит/с даёт паспортную глубину, у остальных глубина вдвое ниже расчётной. Почему?",
            "whyRight": "Общий том делится по факту записи, а не по расчёту. Разведение камер по томам группами — единственный способ удержать глубину",
            "whyWrong": "Файловая система и автозатирание влияют на поведение при переполнении, но не на то, чья запись останется"
          },
          {
            "correct": 1,
            "id": "q-archive-2",
            "options": [
              "Диск неисправен",
              "Камеры отдают больший битрейт, чем заложено в расчёт",
              "Не включено автозатирание",
              "Глубина задана в процентах диска"
            ],
            "sourceMaterialId": "archive-depth",
            "text": "Через сутки после настройки самая старая запись оказалась новее расчётной даты. В чём причина?",
            "whyRight": "Расчёт делали по паспортному битрейту, а камеры отдают фактический. Пересчитывать надо по фактическому потоку",
            "whyWrong": "Неисправный диск дал бы отказ записи, а не более короткую глубину; без автозатирания запись просто остановилась бы"
          },
          {
            "correct": 2,
            "id": "q-count-1",
            "options": [
              "От 25",
              "От 125",
              "От 250",
              "Плотность на это не влияет"
            ],
            "sourceMaterialId": "camera-count",
            "text": "Заказчик хочет различать лица на входе. От какой плотности пикселей на метр это возможно?",
            "whyRight": "Идентификация лица начинается от 250 пикселей на метр. Ниже — только распознавание",
            "whyWrong": "25 пикселей на метр дают только факт события, 125 — распознавание человека как фигуры"
          },
          {
            "correct": 0,
            "id": "q-server-1",
            "options": [
              "В суммарный битрейт записи и число одновременных декодирований",
              "В число портов коммутатора",
              "В версию TRASSIR OS",
              "В длину кабельных трасс"
            ],
            "sourceMaterialId": "server-choice",
            "text": "Во что упирается сервер раньше, чем в число камер?",
            "whyRight": "32 камеры с четырьмя рабочими местами нагружают сервер сильнее, чем 64 с одним: считается поток, а не количество",
            "whyWrong": "Порты и трассы — это сеть объекта; версия системы задаёт функции, а не потолок нагрузки"
          },
          {
            "correct": 1,
            "id": "q-capacity-1",
            "options": [
              "Показать итоговую цифру со ссылкой на опыт",
              "Принести расчёт с исходными данными",
              "Заложить двойной запас",
              "Сослаться на паспорт оборудования"
            ],
            "sourceMaterialId": "disk-capacity",
            "text": "Как надёжнее всего защитить объём дисков перед заказчиком?",
            "whyRight": "Строка «64 камеры × 4 Мбит/с × 30 суток» снимает спор за минуту — потому что её можно проверить",
            "whyWrong": "Заказчик оспаривает не объём, а непрозрачность: итог без исходных данных выглядит как запас «на всякий случай»"
          },
          {
            "correct": 1,
            "id": "q-bandwidth-1",
            "options": [
              "Запись архива",
              "Удалённый просмотр",
              "Работа детекторов",
              "Резервирование на второй том"
            ],
            "sourceMaterialId": "bandwidth-check",
            "text": "Что из перечисленного нагружает канал наружу с объекта?",
            "whyRight": "Наружу уходит только удалённый просмотр — и упирается в канал он ровно тогда, когда заказчик открывает несколько камер сразу",
            "whyWrong": "Запись, детекторы и резервирование живут внутри объекта и канал наружу не трогают"
          },
          {
            "correct": 0,
            "id": "q-license-1",
            "options": [
              "Каналы и модули лицензируются независимо",
              "Аналитика лицензируется по числу серверов",
              "Аналитика входит в лицензию только с версии 4.3",
              "Прайс обновляется чаще сметы"
            ],
            "sourceMaterialId": "license-scheme",
            "text": "Смета, где аналитика посчитана «в составе канала», расходится с прайсом. Почему?",
            "whyRight": "Это две независимые оси лицензирования. Смета, считающая их одной, расходится на каждом согласовании",
            "whyWrong": "Версия и частота обновления прайса объясняют разовое расхождение, но не системное"
          },
          {
            "correct": 1,
            "id": "q-tender-1",
            "options": [
              "Указать конкретную модель и вендора",
              "Описать требования: профиль, битрейт, частоту, температурный диапазон",
              "Указать диапазон цены",
              "Сослаться на проект"
            ],
            "sourceMaterialId": "tender-spec",
            "text": "Как описать камеру в тендерной спецификации, чтобы её не заменили дешёвым эквивалентом?",
            "whyRight": "Эквивалента с такими параметрами в дешёвом сегменте нет: требования заменить нечем, в отличие от названия модели",
            "whyWrong": "Строка с моделью заменяется «эквивалентом» на торгах — это стандартная процедура, а не злой умысел"
          },
          {
            "correct": 1,
            "id": "q-onvif-1",
            "options": [
              "Перезагрузить сервер TRASSIR и повторить поиск устройств",
              "Открыть RTSP-строку камеры сторонним плеером с той же машины",
              "Сменить профиль потока на Profile T и добавить камеру заново",
              "Проверить свободное место на дисках архива"
            ],
            "sourceMaterialId": "onvif-not-found",
            "text": "Камера подключена, TRASSIR видит её по ONVIF, но поток не открывается. Какая проверка исключает причину на стороне сети быстрее всего?",
            "whyRight": "Сторонний плеер с той же машины отделяет сеть от TRASSIR за одну операцию: если поток открылся, сеть ни при чём",
            "whyWrong": "Перезагрузка и смена профиля меняют состояние системы, но ничего не проверяют: после них вы всё ещё не знаете, доходит ли поток до машины"
          },
          {
            "correct": 0,
            "id": "q-onvif-2",
            "options": [
              "Profile G не даёт живое видео — нужен Profile S",
              "Profile G требует лицензии TRASSIR на аналитику",
              "Profile G работает только с версии TRASSIR OS 4.3",
              "Profile G несовместим с PoE-питанием"
            ],
            "sourceMaterialId": "onvif-profiles",
            "text": "Камера заявлена производителем как ONVIF-совместимая, но TRASSIR её не добавляет. В паспорте указан только Profile G. В чём причина?",
            "whyRight": "Profile G — это работа с архивом НА камере. Живое видео несёт Profile S, и без него добавить камеру нечем",
            "whyWrong": "Ни лицензия, ни версия, ни питание к профилю ONVIF отношения не имеют — профиль описывает набор функций, которые камера отдаёт наружу"
          },
          {
            "correct": 1,
            "id": "q-power-1",
            "options": [
              "Камера получает питание от отдельного блока — это норма",
              "Камера не получает питание по PoE: искать причину в настройках TRASSIR рано",
              "Порт работает на скорости 10 Мбит/с",
              "Превышен суммарный PoE-бюджет коммутатора"
            ],
            "sourceMaterialId": "power-link-check",
            "text": "Порт коммутатора показывает линк, но нулевое потребление в PoE-бюджете. Что это значит?",
            "whyRight": "Линк без потребления — это устройство, которое питания не берёт. До настроек TRASSIR дело ещё не дошло",
            "whyWrong": "Превышение бюджета выключило бы порт целиком, а скорость линка потребления не касается"
          },
          {
            "correct": 0,
            "id": "q-manual-1",
            "options": [
              "Автопоиск работает широковещательным запросом, а он не проходит маршрутизатор",
              "Автопоиск ищет только камеры TRASSIR",
              "Автопоиск требует Profile T",
              "Автопоиск отключён по умолчанию с версии 4.2"
            ],
            "sourceMaterialId": "camera-manual-add",
            "text": "Камера стоит за маршрутизатором, в другой подсети. Почему автопоиск её не найдёт?",
            "whyRight": "Широковещательный запрос живёт в пределах сегмента. За маршрутизатором ручное добавление — не запасной путь, а единственный",
            "whyWrong": "Автопоиск не различает вендоров и не требует Profile T: он ограничен транспортом, а не логикой"
          },
          {
            "correct": 1,
            "id": "q-roles-1",
            "options": [
              "Ничем: права правятся после подписания акта",
              "Перечень камер в роли разойдётся с подписанным перечнем",
              "Оператор не сможет выгрузить фрагмент",
              "Система откажет в записи на резервный том"
            ],
            "sourceMaterialId": "operator-roles",
            "text": "Заказчик просит «дать оператору всё, потом разберёмся». Чем это грозит на приёмке?",
            "whyRight": "Перечень камер в роли сверяется с тем, что заказчик подписал. Расхождение — это незакрытый акт, а не мелочь",
            "whyWrong": "Права действительно правятся позже, но на приёмке сверяется не удобство, а соответствие подписанному перечню"
          },
          {
            "correct": 0,
            "id": "q-roles-2",
            "options": [
              "Просмотр живого видео и работу с архивом",
              "Просмотр и перезагрузку сервера",
              "Настройку детекторов и смену пароля",
              "Экспорт фрагмента и просмотр журнала событий"
            ],
            "sourceMaterialId": "operator-roles",
            "text": "Какие два права в TRASSIR принято разводить между рядовым оператором и старшим смены?",
            "whyRight": "Живое видео и архив — два разных права, и именно по этой границе проходит различие между сменой и старшим смены",
            "whyWrong": "Перезагрузка сервера и смена пароля — административные права, они не входят ни в одну операторскую роль"
          },
          {
            "correct": 1,
            "id": "q-motion-1",
            "options": [
              "Понизить чувствительность до минимальной",
              "Ограничить зону тем участком, где событие имеет смысл",
              "Перевести камеру в H.265",
              "Увеличить частоту кадров"
            ],
            "sourceMaterialId": "motion-detectors",
            "text": "Детектор движения настроен на всю сцену и даёт по сорок ложных срабатываний за ночь. Что менять в первую очередь?",
            "whyRight": "Зона важнее чувствительности. С ограниченной зоной средняя чувствительность работает, а дождь и ветки в кадр не попадают",
            "whyWrong": "Минимальная чувствительность на всей сцене пропустит и настоящее событие: вы уберёте срабатывания вместе с детектором"
          },
          {
            "correct": 1,
            "id": "q-redundancy-1",
            "options": [
              "Складывается с основным: глубина удваивается",
              "Не учитывается вовсе: это копия на случай отказа",
              "Учитывается наполовину",
              "Учитывается только при непрерывной записи"
            ],
            "sourceMaterialId": "record-redundancy",
            "text": "В проекте заложен резервный том. Как он учитывается в расчёте глубины архива?",
            "whyRight": "Резервирование — это копия на случай отказа, а не второй объём. В расчёт глубины резервный том не входит",
            "whyWrong": "Сложить резерв с основным объёмом значит пообещать заказчику вдвое больше, чем система отдаст"
          },
          {
            "correct": 0,
            "id": "q-export-1",
            "options": [
              "Штамп времени и идентификатор камеры",
              "Логотип интегратора",
              "Полная запись за сутки",
              "Экспорт в формате, требующем фирменного плеера"
            ],
            "sourceMaterialId": "export-fragment",
            "text": "Что обязательно должно попасть в видеофрагмент, который передают службе безопасности заказчика?",
            "whyRight": "Без штампа времени и идентификатора камеры фрагмент невозможно привязать к объекту — он теряет доказательную ценность",
            "whyWrong": "Фирменный формат несёт подпись, но без плеера его не откроют; сутки записи не читает никто"
          },
          {
            "correct": 1,
            "id": "q-handover-1",
            "options": [
              "Ни в чём: выборка репрезентативна",
              "Отказ обычно приходится на камеру, которую добавляли последней",
              "Проверка трёх каналов занимает больше времени, чем всех",
              "Выборочная проверка запрещена регламентом TRASSIR"
            ],
            "sourceMaterialId": "handover-check",
            "text": "Перед сдачей объекта на 32 камеры проверили запись выборочно, по трём каналам. В чём риск?",
            "whyRight": "Отказ почти всегда на камере, которую добавляли последней и в спешке. Выборка по трём каналам из тридцати двух её пропускает",
            "whyWrong": "Регламента, запрещающего выборку, нет — риск не в формальности, а в том, где обычно прячется отказ"
          },
          {
            "correct": 0,
            "id": "q-handover-2",
            "options": [
              "Расчёт глубины архива с исходным битрейтом",
              "Скриншот интерфейса TRASSIR",
              "Копия договора с производителем камер",
              "Отчёт о ложных срабатываниях за месяц"
            ],
            "sourceMaterialId": "handover-docs",
            "text": "Какой документ из перечисленных обязателен в пакете при сдаче объекта?",
            "whyRight": "Расчёт глубины с исходным битрейтом — единственное, чем обосновывается обещанная договором глубина архива",
            "whyWrong": "Скриншоты и договоры вендора в акт не входят: приёмка проверяет то, что подлежит сверке"
          }
        ],
        "rules": {
          "attempts": 2,
          "cooldownHours": 24,
          "minutes": 30,
          "questions": 20,
          "threshold": 16
        },
        "skipped": 0,
        "startedAt": "2026-09-07T18:09:44.319Z",
        "trajectoryId": "proekt",
        "wrong": 0
      }
    ]
  },
  "certificates": [
    {
      "attemptId": "35ca2928-5cf8-4599-9509-49d63c89229d",
      "basis": "Зачёт по программе: 20 из 20, нужно 16",
      "company": "ООО Учебный пример",
      "id": "document-35ca2928-5cf8-4599-9509-49d63c89229d",
      "identifier": "TR-PR-2026-004317",
      "issuedAt": "2026-09-08T08:00:53.074Z",
      "owner": "marina.final@example.test",
      "ownerId": "marina.final@example.test",
      "title": "Проектирование системы на 64+ камеры",
      "trajectoryId": "proekt"
    }
  ],
  "history": [
    {
      "materialId": "tender-spec",
      "openedAt": "2026-09-07T18:09:44.228Z"
    },
    {
      "materialId": "camera-manual-add",
      "openedAt": "2026-09-07T18:09:43.873Z"
    },
    {
      "materialId": "first-boot",
      "openedAt": "2026-09-07T18:09:43.478Z"
    },
    {
      "materialId": "license-scheme",
      "openedAt": "2026-09-07T18:09:42.654Z"
    },
    {
      "materialId": "archive-depth",
      "openedAt": "2026-09-07T18:08:41.061Z"
    },
    {
      "materialId": "bandwidth-check",
      "openedAt": "2026-09-07T18:08:12.313Z"
    },
    {
      "materialId": "disk-layout",
      "openedAt": "2026-09-07T18:08:11.791Z"
    },
    {
      "materialId": "disk-capacity",
      "openedAt": "2026-09-07T18:08:11.545Z"
    },
    {
      "materialId": "server-choice",
      "openedAt": "2026-09-07T18:07:54.787Z"
    },
    {
      "materialId": "camera-count",
      "openedAt": "2026-09-07T18:07:54.353Z"
    }
  ],
  "progress": {
    "proekt": {
      "cursor": 7,
      "doneUnitIds": [
        "proekt#0",
        "proekt#1",
        "proekt#2",
        "proekt#3",
        "proekt#4",
        "proekt#5",
        "proekt#6",
        "proekt#7",
        "proekt#8"
      ],
      "lastActivityAt": "2026-09-08T08:00:53.074Z",
      "startedAt": "2026-09-07T18:07:54.081Z",
      "trajectoryId": "proekt"
    },
    "puskonaladka": {
      "cursor": 1,
      "doneUnitIds": [
        "puskonaladka#0"
      ],
      "lastActivityAt": "2026-09-07T18:09:43.873Z",
      "startedAt": "2026-09-07T18:09:43.437Z",
      "trajectoryId": "puskonaladka"
    }
  },
  "session": {
    "company": "ООО Учебный пример",
    "identifier": "marina.final@example.test",
    "initials": "MA",
    "level": "partner",
    "name": null
  },
  "storageError": false,
  "toasts": [],
  "verification": {
    "company": "ООО Учебный пример",
    "inn": "7812345678",
    "role": "",
    "status": "verified",
    "submittedAt": "2026-09-07T18:09:10.981Z"
  }
}

> close
✓ Browser closed
